sale_id,sale_ts,customer_id,product_id,store_id,employee_id,quantity,unit_price,coupon_code,discount_percent,mode
1,2025-01-24 06:14:32,C0004,1,2,20,4,2582,FESTIVE20,5,Mobile App
2,2025-02-09 06:48:21,C0020,6,2,184,4,22798,FESTIVE20,15,Online
3,2025-09-07 12:05:35,C0004,5,2,82,4,35642,WELCOME5,50,Mobile App
4,2025-04-27 20:53:23,C0010,6,1,184,1,25411,NEWYEAR10,25,Online
5,2025-04-08 08:59:40,C0006,7,1,310,2,11208,WELCOME5,25,Mobile App
6,2025-08-13 22:20:13,C0018,7,4,377,1,14326,FESTIVE20,50,In-Store
7,2025-02-05 16:31:05,C0016,8,3,146,4,24223,WELCOME5,5,Mobile App
8,2025-09-06 17:55:00,C0002,2,2,165,4,35176,FLASH50,20,Mobile App
9,2025-02-15 16:58:06,C0004,7,1,509,3,33306,WELCOME5,15,Mobile App
10,2025-08-13 09:15:03,C0010,2,4,238,1,7831,FESTIVE20,20,In-Store
11,2025-03-09 16:55:38,C0008,4,2,113,4,36531,NEWYEAR10,50,Mobile App
12,2025-02-27 02:21:01,C0014,6,4,162,4,8430,FLASH50,25,Mobile App
13,2025-05-12 07:17:42,C0019,6,4,46,1,22154,NEWYEAR10,25,Online
14,2025-04-01 13:26:29,C0016,2,4,286,1,43687,FESTIVE20,50,Online
15,2025-04-19 05:17:29,C0002,3,2,94,5,29900,WELCOME5,50,Online
16,2025-05-04 06:55:25,C0008,8,2,326,2,27134,NEWYEAR10,25,Online
17,2025-05-05 04:12:18,C0002,5,4,480,5,43876,FLASH50,10,Mobile App
18,2025-02-17 02:38:04,C0007,3,2,569,5,5750,NEWYEAR10,0,Online
19,2025-03-22 07:16:25,C0008,4,3,479,2,44391,NEWYEAR10,20,In-Store
20,2025-02-03 11:56:04,C0005,8,1,174,2,33653,NEWYEAR10,0,Mobile App
21,2025-01-27 04:16:07,C0008,1,1,441,5,20120,FLASH50,50,Mobile App
22,2025-01-14 02:40:27,C0004,1,4,568,4,16957,FESTIVE20,25,Mobile App
23,2025-01-29 02:56:44,C0009,3,2,5,4,37259,FESTIVE20,25,Mobile App
24,2025-03-05 21:06:22,C0005,7,2,457,3,14267,FLASH50,5,Online
25,2025-06-21 23:51:15,C0018,2,3,538,3,27482,FESTIVE20,50,Online
26,2025-07-23 07:14:01,C0009,4,4,551,3,20500,NEWYEAR10,50,In-Store
27,2025-01-30 08:11:37,C0007,7,3,18,5,22202,NEWYEAR10,50,Mobile App
28,2025-01-12 22:27:00,C0009,4,2,167,5,12957,WELCOME5,25,In-Store
29,2025-06-20 13:20:25,C0017,7,4,201,3,33734,NEWYEAR10,25,Mobile App
30,2025-03-15 06:27:50,C0010,6,4,199,5,526,FLASH50,25,In-Store
31,2025-06-19 20:39:21,C0019,8,1,345,1,19098,FLASH50,25,Mobile App
32,2025-04-17 20:36:12,C0003,1,4,305,5,5272,FESTIVE20,5,In-Store
33,2025-09-03 22:33:29,C0013,5,3,540,2,12026,FESTIVE20,25,In-Store
34,2025-08-21 17:28:57,C0002,4,4,557,5,28466,FESTIVE20,50,Mobile App
35,2025-01-20 22:18:15,C0006,8,3,293,2,18496,FESTIVE20,50,Mobile App
36,2025-04-15 10:34:29,C0009,7,1,273,2,4709,FESTIVE20,5,Mobile App
37,2025-07-12 12:54:57,C0014,6,2,195,1,23552,FLASH50,50,In-Store
38,2025-08-04 14:58:08,C0014,8,4,113,4,47959,WELCOME5,15,In-Store
39,2025-03-25 06:29:20,C0020,5,2,245,1,17549,NEWYEAR10,25,Online
40,2025-02-27 20:04:49,C0011,1,3,231,5,3913,WELCOME5,50,Mobile App
41,2025-04-30 22:16:49,C0002,6,2,145,1,37460,NEWYEAR10,20,In-Store
42,2025-02-20 02:37:44,C0012,4,4,478,4,26495,WELCOME5,0,Mobile App
43,2025-01-04 13:52:31,C0008,1,2,225,5,42937,NEWYEAR10,10,Online
44,2025-03-10 10:54:15,C0004,7,3,396,4,48408,FESTIVE20,15,In-Store
45,2025-05-05 06:22:51,C0003,8,1,125,4,21800,FLASH50,20,Online
46,2025-07-14 07:44:30,C0009,1,1,369,4,32519,NEWYEAR10,20,Mobile App
47,2025-05-22 16:22:27,C0016,3,3,318,5,24684,WELCOME5,5,Mobile App
48,2025-07-10 17:48:44,C0018,7,1,78,2,21179,WELCOME5,10,Mobile App
49,2025-02-15 09:00:45,C0006,6,4,236,3,15408,WELCOME5,25,Online
50,2025-05-01 15:28:21,C0018,1,4,190,1,38121,NEWYEAR10,20,Online
51,2025-01-14 04:09:51,C0006,1,2,460,5,41751,NEWYEAR10,50,Online
52,2025-05-31 13:19:36,C0019,4,1,577,4,19987,NEWYEAR10,20,In-Store
53,2025-02-10 00:26:28,C0020,4,2,49,2,36675,FESTIVE20,10,Online
54,2025-07-22 20:37:42,C0020,1,3,527,2,17837,FESTIVE20,10,Online
55,2025-07-31 18:58:18,C0007,4,3,498,3,39496,FESTIVE20,10,Online
56,2025-07-08 10:38:16,C0015,8,2,287,5,3112,FLASH50,10,Online
57,2025-05-30 13:40:52,C0001,6,2,124,4,18729,WELCOME5,20,Mobile App
58,2025-03-15 21:25:52,C0016,8,2,333,4,45960,FLASH50,10,In-Store
59,2025-05-19 14:26:03,C0018,8,2,584,1,43600,WELCOME5,10,Mobile App
60,2025-09-07 20:38:51,C0007,8,1,19,4,8457,NEWYEAR10,5,In-Store
61,2025-03-16 16:45:17,C0008,1,4,479,2,33161,FLASH50,0,Online
62,2025-08-10 02:17:49,C0014,8,3,92,5,49409,FLASH50,20,Mobile App
63,2025-03-27 17:48:34,C0014,1,1,227,5,32241,WELCOME5,25,In-Store
64,2025-06-30 12:24:42,C0013,7,3,318,3,49304,FESTIVE20,20,Online
65,2025-02-06 13:55:41,C0005,3,3,482,4,1505,WELCOME5,50,Mobile App
66,2025-06-10 22:56:48,C0005,8,2,208,5,25404,WELCOME5,20,In-Store
67,2025-06-27 09:57:01,C0016,4,2,114,1,29576,WELCOME5,5,Online
68,2025-07-22 05:10:11,C0002,3,1,457,4,37588,WELCOME5,10,Mobile App
69,2025-06-23 17:10:04,C0003,6,3,191,1,30990,FESTIVE20,5,In-Store
70,2025-05-27 11:36:18,C0015,1,1,247,1,16045,WELCOME5,15,In-Store
71,2025-04-01 07:40:12,C0010,5,2,538,2,40284,NEWYEAR10,20,In-Store
72,2025-03-25 23:26:11,C0020,2,1,194,2,6406,NEWYEAR10,10,Mobile App
73,2025-07-13 07:55:43,C0007,7,4,95,4,5434,FESTIVE20,10,Online
74,2025-07-30 20:23:06,C0013,4,1,247,3,38809,NEWYEAR10,10,In-Store
75,2025-01-12 01:19:31,C0008,3,3,94,4,8146,FESTIVE20,25,Mobile App
76,2025-04-15 08:02:44,C0004,6,2,410,1,32569,FLASH50,15,In-Store
77,2025-03-12 06:07:54,C0012,8,4,262,3,4468,FESTIVE20,50,Mobile App
78,2025-07-15 17:13:37,C0015,6,2,556,2,4996,NEWYEAR10,50,Mobile App
79,2025-01-07 04:00:22,C0007,7,4,581,1,43823,NEWYEAR10,10,Online
80,2025-07-19 11:32:37,C0008,3,1,300,1,31711,WELCOME5,0,Mobile App
81,2025-01-28 15:45:58,C0004,6,3,460,4,28436,WELCOME5,15,In-Store
82,2025-04-27 16:38:27,C0015,4,2,193,5,35270,FESTIVE20,0,In-Store
83,2025-03-22 13:20:42,C0004,6,2,63,4,48315,FLASH50,5,In-Store
84,2025-01-16 18:35:35,C0009,2,1,370,3,9027,NEWYEAR10,0,Online
85,2025-05-28 16:13:09,C0011,5,2,68,3,23545,FLASH50,50,Mobile App
86,2025-06-14 17:01:38,C0016,4,4,450,5,40711,WELCOME5,0,Mobile App
87,2025-01-18 04:47:40,C0009,2,2,265,5,43579,WELCOME5,10,Online
88,2025-01-22 01:09:10,C0001,6,2,398,3,37697,FLASH50,15,In-Store
89,2025-05-12 03:22:27,C0020,4,2,502,3,14627,FLASH50,25,In-Store
90,2025-02-05 08:18:20,C0004,8,1,514,3,14343,NEWYEAR10,5,Online
91,2025-04-22 00:29:58,C0004,8,2,28,4,49130,FESTIVE20,5,Online
92,2025-08-01 22:58:23,C0003,5,1,308,2,41009,FLASH50,10,In-Store
93,2025-07-19 05:04:32,C0003,4,3,219,3,15020,FLASH50,20,In-Store
94,2025-07-14 20:04:11,C0004,7,4,104,2,39978,FESTIVE20,5,Online
95,2025-01-15 11:32:04,C0016,8,3,395,3,18501,WELCOME5,5,In-Store
96,2025-04-29 18:35:50,C0010,8,3,250,5,33731,NEWYEAR10,10,Mobile App
97,2025-05-10 20:11:02,C0002,6,3,57,3,47313,FLASH50,20,Online
98,2025-06-11 20:21:04,C0008,8,3,529,5,3931,WELCOME5,10,In-Store
99,2025-08-23 11:19:41,C0011,5,2,95,5,43990,WELCOME5,25,Online
100,2025-01-05 11:19:11,C0013,4,4,237,4,33824,FLASH50,25,Mobile App
101,2025-07-09 16:02:42,C0007,8,1,560,5,35874,FESTIVE20,5,Online
102,2025-07-04 07:28:39,C0011,5,4,451,4,24374,FESTIVE20,5,Online
103,2025-07-16 09:49:24,C0010,6,3,309,5,29374,WELCOME5,50,Mobile App
104,2025-08-05 16:54:07,C0017,2,3,475,5,7223,FESTIVE20,50,In-Store
105,2025-04-17 01:25:32,C0010,2,2,17,4,23410,FLASH50,20,Online
106,2025-01-10 09:58:53,C0012,5,4,93,3,10071,WELCOME5,5,Mobile App
107,2025-05-16 13:07:49,C0016,8,4,406,5,48160,NEWYEAR10,0,Online
108,2025-01-05 20:32:36,C0010,1,4,357,4,39607,NEWYEAR10,5,Online
109,2025-01-18 16:34:32,C0008,1,4,236,1,34807,NEWYEAR10,20,Online
110,2025-01-18 11:15:46,C0017,5,2,528,1,23902,NEWYEAR10,25,Mobile App
111,2025-07-27 04:04:45,C0004,2,1,125,4,41901,WELCOME5,20,Mobile App
112,2025-05-20 15:16:02,C0015,1,2,546,5,26598,NEWYEAR10,50,In-Store
113,2025-09-07 05:31:44,C0007,7,1,223,4,25839,WELCOME5,10,In-Store
114,2025-06-19 09:19:28,C0016,1,1,215,1,5747,FLASH50,0,In-Store
115,2025-06-13 12:23:32,C0020,2,3,447,1,5417,WELCOME5,15,In-Store
116,2025-06-04 04:43:28,C0006,2,2,21,4,37674,NEWYEAR10,5,In-Store
117,2025-01-07 23:11:31,C0012,8,1,75,3,16858,FESTIVE20,20,Mobile App
118,2025-02-04 02:28:11,C0017,4,3,81,4,13618,WELCOME5,25,Mobile App
119,2025-02-27 03:12:50,C0015,7,2,340,2,24190,NEWYEAR10,20,Online
120,2025-01-17 09:25:45,C0005,8,4,58,2,40604,WELCOME5,20,Mobile App
121,2025-08-13 17:40:37,C0016,5,3,85,5,23078,FESTIVE20,10,In-Store
122,2025-03-30 16:57:18,C0006,5,4,151,3,46986,NEWYEAR10,20,Online
123,2025-06-18 19:46:57,C0003,6,1,119,5,10605,FESTIVE20,25,Mobile App
124,2025-01-08 15:56:40,C0020,3,1,425,4,41008,NEWYEAR10,0,Mobile App
125,2025-02-10 14:26:30,C0018,1,1,39,1,45628,FESTIVE20,50,In-Store
126,2025-05-24 03:20:15,C0015,7,4,345,2,24783,WELCOME5,50,In-Store
127,2025-09-04 05:52:20,C0015,1,2,163,5,27902,FESTIVE20,5,In-Store
128,2025-05-10 14:15:13,C0019,6,1,258,1,6401,FLASH50,20,In-Store
129,2025-02-04 08:46:23,C0019,3,1,286,1,7544,WELCOME5,15,Mobile App
130,2025-05-10 14:48:35,C0013,3,1,252,3,5318,NEWYEAR10,20,Mobile App
131,2025-05-09 01:02:02,C0009,2,2,266,5,33865,FLASH50,10,Online
132,2025-06-07 23:53:19,C0005,8,1,258,3,11149,FESTIVE20,20,Mobile App
133,2025-03-20 23:55:44,C0019,8,1,389,1,27798,FLASH50,50,Mobile App
134,2025-08-31 22:07:12,C0001,1,3,381,2,2569,NEWYEAR10,20,Online
135,2025-08-06 23:46:03,C0001,7,3,587,5,31407,FESTIVE20,15,Mobile App
136,2025-08-11 23:43:41,C0005,7,4,518,3,44793,FLASH50,10,Mobile App
137,2025-05-06 10:30:22,C0009,6,3,469,2,45735,WELCOME5,20,In-Store
138,2025-03-30 14:41:16,C0018,1,1,51,3,47301,FLASH50,15,Online
139,2025-03-01 01:06:26,C0016,6,4,424,5,15289,WELCOME5,5,Online
140,2025-03-15 20:03:58,C0011,4,3,209,2,19324,NEWYEAR10,20,In-Store
141,2025-08-26 09:56:02,C0003,3,4,587,2,49586,FLASH50,50,In-Store
142,2025-07-27 03:21:10,C0001,4,1,132,4,18380,WELCOME5,15,Mobile App
143,2025-03-25 02:25:42,C0015,2,1,345,4,28529,WELCOME5,50,Mobile App
144,2025-09-02 10:19:37,C0004,2,4,175,4,49898,WELCOME5,5,Online
145,2025-05-09 22:49:19,C0019,1,2,460,2,27069,FESTIVE20,0,In-Store
146,2025-06-29 17:58:30,C0004,7,1,274,5,24985,FESTIVE20,5,Mobile App
147,2025-05-21 16:12:36,C0018,6,4,555,1,4547,FLASH50,20,Mobile App
148,2025-01-15 14:08:32,C0018,2,4,542,5,29695,FLASH50,0,Online
149,2025-01-12 13:22:44,C0014,3,3,47,2,38400,WELCOME5,25,Online
150,2025-04-25 12:24:05,C0003,4,2,248,4,25040,NEWYEAR10,10,Mobile App
151,2025-06-22 23:34:27,C0018,7,4,311,1,20053,FESTIVE20,20,Online
152,2025-06-19 13:39:49,C0018,6,3,542,1,2611,FLASH50,10,Mobile App
153,2025-03-01 17:13:48,C0001,6,4,292,1,26862,NEWYEAR10,20,Online
154,2025-02-26 13:19:17,C0002,1,4,348,2,43767,WELCOME5,20,In-Store
155,2025-03-18 12:11:48,C0002,5,4,101,4,27255,NEWYEAR10,10,Mobile App
156,2025-05-23 16:08:24,C0018,6,3,275,5,27545,WELCOME5,50,Online
157,2025-06-04 19:02:55,C0008,6,1,449,3,25218,NEWYEAR10,15,Online
158,2025-07-11 15:58:15,C0003,6,4,77,2,49093,FESTIVE20,50,Online
159,2025-04-03 16:56:31,C0020,5,4,171,3,20712,WELCOME5,50,Mobile App
160,2025-01-05 08:35:59,C0015,8,2,99,2,49078,FESTIVE20,10,Mobile App
161,2025-03-28 08:48:52,C0019,1,3,459,5,43400,FESTIVE20,10,In-Store
162,2025-08-03 02:52:42,C0016,8,3,22,1,34837,WELCOME5,5,Mobile App
163,2025-01-16 19:40:42,C0002,5,2,243,5,30385,FESTIVE20,0,Online
164,2025-05-18 09:01:32,C0020,8,3,182,5,47829,NEWYEAR10,20,Online
165,2025-09-03 12:29:36,C0014,4,4,243,4,5678,FESTIVE20,5,In-Store
166,2025-01-03 22:10:05,C0008,1,4,423,4,4177,NEWYEAR10,0,Mobile App
167,2025-08-19 17:36:42,C0016,7,3,186,1,45354,NEWYEAR10,5,Online
168,2025-05-26 12:43:57,C0002,7,4,158,2,37459,FESTIVE20,20,In-Store
169,2025-01-20 10:38:49,C0018,5,1,562,4,15713,NEWYEAR10,20,Online
170,2025-02-17 21:37:42,C0020,7,3,287,5,25103,WELCOME5,50,In-Store
171,2025-03-23 11:06:05,C0013,1,2,255,2,48974,NEWYEAR10,0,Mobile App
172,2025-05-12 13:06:01,C0001,8,1,369,4,37002,WELCOME5,0,In-Store
173,2025-05-14 05:43:24,C0003,4,1,380,5,16408,FLASH50,0,Online
174,2025-05-04 02:23:16,C0006,1,4,196,3,28097,WELCOME5,15,In-Store
175,2025-08-09 10:28:21,C0008,6,3,540,5,25396,NEWYEAR10,5,In-Store
176,2025-06-12 15:36:50,C0014,1,4,462,3,48660,FESTIVE20,15,In-Store
177,2025-04-29 22:13:28,C0008,5,1,485,5,2263,FLASH50,10,Mobile App
178,2025-07-22 12:04:28,C0010,5,2,280,2,47373,FESTIVE20,25,Mobile App
179,2025-06-06 01:36:41,C0020,5,3,430,3,11401,NEWYEAR10,50,Online
180,2025-07-17 21:37:44,C0013,5,1,311,3,26133,NEWYEAR10,0,In-Store
181,2025-03-29 14:50:13,C0017,7,4,203,2,23328,FLASH50,0,Online
182,2025-07-01 03:01:54,C0017,7,3,543,3,3428,NEWYEAR10,15,Online
183,2025-02-17 05:40:42,C0011,2,2,418,2,27045,FESTIVE20,20,In-Store
184,2025-07-12 22:51:50,C0014,3,3,185,2,13986,FLASH50,20,Mobile App
185,2025-03-22 19:24:39,C0003,2,2,425,4,35084,WELCOME5,5,Mobile App
186,2025-03-03 09:07:11,C0013,7,2,77,2,21024,FLASH50,20,Mobile App
187,2025-08-27 05:35:10,C0012,5,4,429,5,45944,FESTIVE20,20,In-Store
188,2025-07-28 12:35:32,C0016,2,1,134,4,9447,WELCOME5,50,Online
189,2025-02-27 17:18:10,C0016,8,3,182,3,2642,FLASH50,15,Online
190,2025-04-19 03:47:53,C0015,4,3,145,4,36305,WELCOME5,50,Mobile App
191,2025-06-26 11:55:45,C0008,3,1,392,2,48840,WELCOME5,10,Online
192,2025-02-13 10:45:18,C0020,2,3,360,3,39615,FESTIVE20,50,Mobile App
193,2025-08-01 07:48:53,C0010,4,1,210,2,47121,FLASH50,0,Online
194,2025-06-27 11:29:31,C0013,2,3,184,5,49639,FLASH50,15,In-Store
195,2025-03-24 09:21:35,C0011,4,2,176,2,32921,WELCOME5,50,In-Store
196,2025-01-01 13:12:44,C0019,8,4,306,2,29420,NEWYEAR10,0,Online
197,2025-06-10 09:46:44,C0005,2,1,260,2,3893,NEWYEAR10,25,In-Store
198,2025-04-24 00:00:44,C0008,4,3,455,2,34542,NEWYEAR10,5,Mobile App
199,2025-04-05 09:08:24,C0011,5,2,204,1,7263,FLASH50,0,Mobile App
200,2025-08-09 06:05:57,C0005,4,4,295,5,45494,FESTIVE20,15,In-Store
201,2025-06-03 19:46:38,C0004,4,4,368,1,16763,WELCOME5,15,In-Store
202,2025-03-03 15:40:38,C0010,1,2,74,4,25789,FESTIVE20,25,Online
203,2025-01-19 00:37:04,C0003,7,2,516,2,31368,FESTIVE20,15,Mobile App
204,2025-05-18 17:39:09,C0001,6,1,426,4,5901,NEWYEAR10,50,In-Store
205,2025-04-22 23:54:15,C0009,1,2,464,1,20827,FESTIVE20,50,Mobile App
206,2025-07-01 04:44:00,C0002,4,4,7,2,8327,NEWYEAR10,15,Mobile App
207,2025-05-15 02:16:45,C0006,7,3,179,3,28636,FESTIVE20,10,Online
208,2025-06-22 23:07:14,C0019,8,2,382,3,7243,WELCOME5,0,Online
209,2025-07-25 22:47:41,C0017,3,2,368,2,2817,FESTIVE20,0,Online
210,2025-06-22 01:11:14,C0014,7,4,336,3,8325,FLASH50,25,Mobile App
211,2025-04-05 06:18:36,C0017,5,2,4,5,30433,FLASH50,50,Online
212,2025-05-19 11:40:53,C0010,8,4,157,4,2066,FLASH50,50,Online
213,2025-03-13 02:02:58,C0001,3,1,475,1,9830,WELCOME5,0,In-Store
214,2025-04-22 21:08:15,C0008,7,3,41,5,37712,NEWYEAR10,20,Online
215,2025-07-17 18:06:09,C0010,7,1,522,2,9420,WELCOME5,10,Online
216,2025-08-07 03:05:10,C0004,8,4,174,3,30865,WELCOME5,15,In-Store
217,2025-03-18 08:52:11,C0010,6,2,452,5,3708,FESTIVE20,0,In-Store
218,2025-02-20 12:23:43,C0001,8,3,87,1,15067,NEWYEAR10,15,Online
219,2025-08-30 14:03:10,C0003,4,1,28,3,8529,NEWYEAR10,5,Online
220,2025-03-13 14:56:09,C0019,5,3,182,2,12765,NEWYEAR10,15,In-Store
221,2025-02-21 20:56:51,C0002,1,4,276,4,9493,FLASH50,20,In-Store
222,2025-03-11 05:01:20,C0017,3,4,254,5,21576,WELCOME5,15,Mobile App
223,2025-03-03 08:34:52,C0020,3,4,437,1,16743,NEWYEAR10,50,Online
224,2025-04-01 18:36:09,C0002,5,4,465,1,46601,FESTIVE20,5,Mobile App
225,2025-05-15 15:00:21,C0019,8,4,12,5,14839,FESTIVE20,15,Online
226,2025-07-18 03:54:33,C0020,2,4,96,5,46682,FESTIVE20,50,Online
227,2025-06-16 10:11:45,C0012,7,2,327,4,42394,NEWYEAR10,10,Online
228,2025-04-11 18:02:11,C0018,6,1,381,1,46506,FLASH50,10,Online
229,2025-08-15 02:52:45,C0020,6,1,422,3,11502,FLASH50,5,In-Store
230,2025-01-13 12:28:46,C0011,3,3,1,1,47713,FESTIVE20,5,In-Store
231,2025-06-25 07:10:28,C0014,5,4,505,5,43161,FLASH50,10,In-Store
232,2025-01-20 17:57:05,C0003,1,2,487,4,11045,WELCOME5,10,Online
233,2025-04-15 22:35:46,C0011,3,3,130,3,13970,FESTIVE20,20,Online
234,2025-04-20 02:18:52,C0018,1,1,2,1,24147,FESTIVE20,0,Online
235,2025-04-12 15:31:57,C0020,6,3,525,1,20708,NEWYEAR10,5,In-Store
236,2025-03-09 07:53:17,C0009,5,2,312,3,29318,WELCOME5,15,Online
237,2025-05-14 13:34:43,C0019,2,2,549,1,25869,NEWYEAR10,25,Mobile App
238,2025-09-06 06:51:12,C0016,8,4,115,4,11829,NEWYEAR10,15,Online
239,2025-05-23 12:35:20,C0005,5,2,254,1,6203,FLASH50,5,In-Store
240,2025-03-15 17:56:22,C0009,3,3,526,5,7118,NEWYEAR10,15,Online
241,2025-06-27 12:02:25,C0014,5,1,456,5,40388,FLASH50,0,Online
242,2025-06-28 21:06:55,C0011,3,4,575,3,32718,WELCOME5,10,In-Store
243,2025-04-15 23:31:48,C0008,1,4,552,4,14353,WELCOME5,10,Online
244,2025-02-19 06:53:03,C0017,3,1,120,5,2397,NEWYEAR10,10,Mobile App
245,2025-08-25 03:43:01,C0008,8,2,421,5,26514,WELCOME5,25,In-Store
246,2025-06-26 02:18:01,C0008,8,1,557,3,49583,FESTIVE20,50,Online
247,2025-08-10 21:00:30,C0013,2,2,12,4,34138,FESTIVE20,25,Mobile App
248,2025-02-25 14:19:43,C0005,3,4,166,3,30580,WELCOME5,20,In-Store
249,2025-03-28 08:40:20,C0017,4,3,43,1,32071,WELCOME5,20,Mobile App
250,2025-07-04 00:41:31,C0009,1,1,94,3,45114,FESTIVE20,20,Mobile App
251,2025-06-13 15:58:42,C0010,5,1,356,2,45478,FLASH50,25,Mobile App
252,2025-08-19 10:41:05,C0012,2,1,455,5,12497,WELCOME5,0,Mobile App
253,2025-01-31 15:03:55,C0008,6,1,569,3,30893,FLASH50,50,Mobile App
254,2025-02-21 10:26:36,C0019,8,2,93,1,10381,NEWYEAR10,50,In-Store
255,2025-03-12 06:48:49,C0015,7,4,303,1,808,NEWYEAR10,15,Mobile App
256,2025-01-10 17:12:46,C0006,8,4,3,4,25621,FESTIVE20,20,In-Store
257,2025-01-27 12:32:37,C0012,7,2,86,3,20953,NEWYEAR10,25,Mobile App
258,2025-04-02 06:10:58,C0010,4,4,329,2,22961,WELCOME5,10,Mobile App
259,2025-07-22 01:24:56,C0013,6,2,432,3,47103,FESTIVE20,5,Online
260,2025-03-06 15:44:09,C0009,3,2,365,4,8599,NEWYEAR10,0,In-Store
261,2025-06-08 03:18:07,C0007,1,2,481,1,34027,NEWYEAR10,25,In-Store
262,2025-01-11 17:31:58,C0004,6,3,111,4,19856,WELCOME5,50,Mobile App
263,2025-07-19 16:04:46,C0007,7,3,61,4,10274,NEWYEAR10,0,Mobile App
264,2025-07-25 21:20:27,C0004,6,1,235,1,19542,WELCOME5,10,Online
265,2025-08-13 23:05:23,C0004,3,2,176,4,41250,FESTIVE20,25,In-Store
266,2025-06-28 23:03:54,C0011,4,4,88,2,7909,FLASH50,15,In-Store
267,2025-07-06 04:30:58,C0006,5,2,562,1,45357,FLASH50,5,Mobile App
268,2025-07-05 18:14:42,C0016,5,2,384,5,49234,NEWYEAR10,0,Mobile App
269,2025-06-14 05:32:54,C0011,5,2,6,5,4076,FLASH50,10,Mobile App
270,2025-06-14 12:25:52,C0016,2,3,366,5,15095,FLASH50,10,Online
271,2025-01-05 03:25:26,C0008,8,2,435,4,49339,FLASH50,0,Online
272,2025-04-27 10:35:49,C0002,4,2,567,1,15109,FESTIVE20,25,In-Store
273,2025-03-16 17:33:23,C0020,7,3,536,3,42027,NEWYEAR10,0,In-Store
274,2025-01-31 12:13:29,C0004,2,2,129,5,13339,FESTIVE20,50,In-Store
275,2025-09-04 15:00:33,C0007,4,1,90,5,33543,NEWYEAR10,25,In-Store
276,2025-05-10 12:26:38,C0002,8,3,210,5,40225,FESTIVE20,25,Mobile App
277,2025-06-29 17:55:20,C0008,5,1,566,5,20089,WELCOME5,15,Mobile App
278,2025-03-24 22:07:48,C0018,6,4,423,5,46002,WELCOME5,25,Mobile App
279,2025-01-15 06:17:48,C0012,5,3,446,2,3977,FLASH50,50,In-Store
280,2025-08-11 21:47:35,C0006,1,1,410,4,7216,NEWYEAR10,25,In-Store
281,2025-03-06 06:39:55,C0008,6,3,496,1,1349,NEWYEAR10,15,Mobile App
282,2025-01-31 12:02:27,C0015,7,4,344,2,48674,FESTIVE20,10,Online
283,2025-01-14 20:39:53,C0009,2,1,399,2,21643,WELCOME5,0,Online
284,2025-05-18 12:05:22,C0010,7,3,363,2,27758,WELCOME5,20,Mobile App
285,2025-08-20 20:39:58,C0008,7,4,158,3,29707,WELCOME5,10,Online
286,2025-07-30 11:32:51,C0020,3,4,346,3,2119,FLASH50,50,Mobile App
287,2025-01-02 20:04:13,C0017,8,3,355,2,35756,WELCOME5,25,Online
288,2025-01-19 01:11:50,C0007,4,3,59,3,2982,FLASH50,25,In-Store
289,2025-01-31 17:00:41,C0009,6,2,449,1,26026,FLASH50,15,In-Store
290,2025-08-26 14:24:25,C0020,3,2,512,1,18949,WELCOME5,20,Mobile App
291,2025-08-12 17:09:07,C0001,2,3,368,3,1230,FESTIVE20,25,In-Store
292,2025-02-17 07:39:53,C0002,5,2,111,5,9835,WELCOME5,5,In-Store
293,2025-02-20 23:37:31,C0009,4,4,64,1,16929,NEWYEAR10,50,In-Store
294,2025-06-07 21:19:44,C0011,2,1,216,4,30033,NEWYEAR10,10,In-Store
295,2025-04-03 04:43:46,C0019,7,4,563,4,18632,FLASH50,5,Online
296,2025-03-13 04:57:34,C0011,8,3,564,5,5872,WELCOME5,50,Online
297,2025-03-08 17:57:34,C0007,4,1,367,2,2902,NEWYEAR10,50,Mobile App
298,2025-04-12 11:32:00,C0016,7,4,61,5,33950,FESTIVE20,50,In-Store
299,2025-05-05 07:04:16,C0008,2,4,508,1,14840,FESTIVE20,5,In-Store
300,2025-09-05 16:40:53,C0012,3,4,468,3,7264,WELCOME5,15,Online
301,2025-04-01 11:31:50,C0009,2,1,268,2,34340,FLASH50,10,In-Store
302,2025-06-04 22:52:07,C0016,2,2,237,2,10812,FESTIVE20,5,Online
303,2025-04-16 00:15:02,C0008,7,3,559,2,42918,FLASH50,25,Mobile App
304,2025-06-13 00:56:46,C0005,2,4,375,4,39779,FESTIVE20,0,Mobile App
305,2025-05-30 05:39:42,C0010,6,2,533,5,9852,FLASH50,50,In-Store
306,2025-01-05 06:33:55,C0017,2,1,71,4,9164,FLASH50,20,In-Store
307,2025-08-19 19:34:52,C0017,2,3,87,4,43713,FESTIVE20,15,Online
308,2025-07-25 23:58:48,C0001,5,3,393,4,23471,NEWYEAR10,25,In-Store
309,2025-02-18 00:45:47,C0019,5,2,168,5,27281,WELCOME5,15,Mobile App
310,2025-05-30 08:16:54,C0001,3,2,433,2,28423,FESTIVE20,25,Online
311,2025-05-04 08:19:36,C0018,7,3,369,3,37140,FLASH50,50,Online
312,2025-03-28 17:39:44,C0012,2,3,526,5,26751,FESTIVE20,15,Online
313,2025-04-05 02:38:02,C0002,5,4,148,1,17741,NEWYEAR10,50,Online
314,2025-01-09 19:32:33,C0013,1,3,134,5,19243,FESTIVE20,25,Online
315,2025-04-12 12:37:12,C0008,3,4,445,4,23642,FESTIVE20,25,In-Store
316,2025-04-27 12:36:00,C0017,4,2,134,2,40238,WELCOME5,25,In-Store
317,2025-07-23 18:16:44,C0009,5,4,544,3,35752,NEWYEAR10,20,Mobile App
318,2025-04-08 20:50:14,C0015,8,3,45,1,17396,WELCOME5,50,In-Store
319,2025-07-30 10:04:35,C0008,5,1,498,4,44651,NEWYEAR10,25,Online
320,2025-03-03 08:13:14,C0006,7,3,490,2,15891,FESTIVE20,20,In-Store
321,2025-06-08 10:31:57,C0007,7,4,242,1,32107,NEWYEAR10,0,Mobile App
322,2025-01-09 16:22:25,C0019,8,1,361,4,31847,WELCOME5,15,Mobile App
323,2025-04-03 19:55:16,C0006,4,3,213,5,7102,WELCOME5,25,In-Store
324,2025-06-29 11:23:54,C0006,6,1,276,4,14297,FLASH50,20,In-Store
325,2025-04-21 12:12:09,C0013,8,1,369,3,15953,FESTIVE20,20,Mobile App
326,2025-05-26 01:25:06,C0005,3,3,576,3,37340,FLASH50,15,In-Store
327,2025-04-03 17:35:59,C0006,6,2,236,3,17524,FLASH50,50,Mobile App
328,2025-05-11 15:49:47,C0009,3,1,449,3,21805,NEWYEAR10,10,In-Store
329,2025-08-06 02:05:10,C0015,5,2,267,5,37962,FLASH50,25,In-Store
330,2025-05-14 14:26:10,C0011,7,4,391,3,49514,WELCOME5,25,In-Store
331,2025-01-17 15:35:03,C0006,2,2,63,4,7250,WELCOME5,25,Online
332,2025-03-14 14:40:08,C0001,4,3,492,2,16713,WELCOME5,20,In-Store
333,2025-02-04 22:34:11,C0005,3,4,297,3,36449,WELCOME5,50,Mobile App
334,2025-03-08 04:19:00,C0019,5,3,272,3,24471,WELCOME5,15,In-Store
335,2025-03-16 19:14:50,C0001,7,4,534,1,28709,FLASH50,20,In-Store
336,2025-04-19 20:15:33,C0001,6,1,52,2,17734,FLASH50,15,In-Store
337,2025-06-08 14:17:44,C0020,1,1,305,1,42239,FLASH50,5,In-Store
338,2025-07-03 14:46:00,C0020,6,3,83,3,18141,NEWYEAR10,5,Online
339,2025-07-22 01:21:05,C0008,2,2,463,3,30888,FLASH50,5,In-Store
340,2025-09-07 22:15:24,C0005,1,2,80,4,1326,NEWYEAR10,20,In-Store
341,2025-06-11 23:02:47,C0015,3,4,109,3,21672,FLASH50,25,In-Store
342,2025-03-25 00:10:50,C0018,1,2,288,2,41978,WELCOME5,5,Online
343,2025-05-08 02:43:39,C0009,5,2,108,1,16800,NEWYEAR10,0,In-Store
344,2025-07-21 20:48:22,C0011,3,2,371,2,21257,FESTIVE20,25,In-Store
345,2025-05-19 22:31:12,C0015,3,4,193,4,37136,WELCOME5,25,In-Store
346,2025-07-29 08:34:23,C0019,7,4,194,2,29950,FLASH50,10,Mobile App
347,2025-07-29 12:12:33,C0015,5,2,360,1,43641,NEWYEAR10,20,Mobile App
348,2025-08-29 04:11:55,C0016,1,4,560,1,3368,FLASH50,25,Mobile App
349,2025-03-07 01:23:14,C0002,4,4,394,5,46461,FESTIVE20,0,Mobile App
350,2025-07-30 11:50:45,C0020,3,2,274,5,49224,FLASH50,50,In-Store
351,2025-02-18 06:33:42,C0002,3,1,251,2,35342,WELCOME5,0,Mobile App
352,2025-05-10 10:42:10,C0008,5,4,266,2,36542,WELCOME5,25,Online
353,2025-05-25 17:13:24,C0018,7,3,158,3,40372,WELCOME5,50,Mobile App
354,2025-08-16 09:00:19,C0018,7,1,91,1,34422,FLASH50,15,Mobile App
355,2025-02-05 08:23:56,C0008,7,4,106,4,23808,WELCOME5,20,Online
356,2025-07-22 15:11:31,C0019,6,4,212,1,47920,WELCOME5,0,Mobile App
357,2025-07-17 07:47:41,C0019,1,2,584,4,8399,FLASH50,0,In-Store
358,2025-02-09 01:43:46,C0020,5,2,147,5,46228,WELCOME5,20,In-Store
359,2025-07-10 01:35:25,C0013,4,3,380,1,31685,FLASH50,10,In-Store
360,2025-02-20 17:39:47,C0009,5,2,380,4,43245,FESTIVE20,50,In-Store
361,2025-03-31 06:20:22,C0017,6,4,239,4,28257,WELCOME5,50,Online
362,2025-04-06 04:48:46,C0020,1,2,459,2,13586,WELCOME5,20,Online
363,2025-05-01 00:21:13,C0003,3,2,301,1,20496,FESTIVE20,50,Mobile App
364,2025-01-12 08:10:03,C0018,6,4,351,5,43984,FLASH50,20,In-Store
365,2025-08-22 21:23:55,C0010,1,4,570,3,43949,FLASH50,25,Mobile App
366,2025-02-17 06:32:29,C0004,1,2,60,5,35336,FESTIVE20,15,In-Store
367,2025-04-01 20:19:15,C0018,3,2,232,3,45347,WELCOME5,10,Online
368,2025-02-05 02:46:24,C0017,3,1,437,3,26245,FLASH50,50,Online
369,2025-02-05 18:34:43,C0017,5,4,434,2,14050,FESTIVE20,15,Mobile App
370,2025-01-31 05:20:53,C0007,1,4,481,5,35428,FLASH50,50,Online
371,2025-01-07 19:39:17,C0005,7,2,127,1,9120,FLASH50,10,Online
372,2025-06-16 11:11:54,C0020,6,4,476,5,31220,NEWYEAR10,10,Mobile App
373,2025-07-10 21:12:48,C0013,8,3,148,3,27569,FESTIVE20,5,Online
374,2025-07-08 12:46:20,C0007,2,2,405,4,3241,FLASH50,25,In-Store
375,2025-05-13 20:03:12,C0013,4,2,253,1,37049,FLASH50,50,Mobile App
376,2025-08-20 04:29:53,C0010,5,3,346,1,45716,WELCOME5,15,Mobile App
377,2025-08-18 22:57:12,C0015,4,2,394,2,30232,FESTIVE20,15,Online
378,2025-01-22 16:45:24,C0015,1,2,238,4,42054,FESTIVE20,25,Online
379,2025-07-02 01:26:19,C0017,5,4,515,2,12222,NEWYEAR10,50,Online
380,2025-05-08 17:51:00,C0010,1,3,572,4,33112,NEWYEAR10,5,Online
381,2025-08-14 17:17:39,C0020,6,3,160,5,930,FLASH50,15,Mobile App
382,2025-08-03 19:19:21,C0018,3,4,385,1,44212,FESTIVE20,0,Online
383,2025-01-24 09:20:23,C0003,4,2,24,5,24105,FESTIVE20,5,In-Store
384,2025-02-23 22:13:39,C0013,5,2,349,5,27616,WELCOME5,15,In-Store
385,2025-08-26 04:39:36,C0002,4,2,233,5,41344,WELCOME5,15,Mobile App
386,2025-07-23 03:47:54,C0016,8,3,414,1,30966,FESTIVE20,25,Online
387,2025-03-07 02:19:19,C0007,5,3,187,2,45720,WELCOME5,10,Mobile App
388,2025-05-03 15:51:02,C0017,3,1,448,3,22647,WELCOME5,10,Online
389,2025-01-05 06:36:43,C0005,2,3,357,3,36884,WELCOME5,15,Mobile App
390,2025-06-05 12:11:38,C0011,4,1,379,5,11376,WELCOME5,50,Mobile App
391,2025-05-15 09:11:07,C0004,7,1,143,4,20333,WELCOME5,15,In-Store
392,2025-08-12 16:19:49,C0012,6,2,488,3,32184,FLASH50,20,Online
393,2025-03-21 01:43:54,C0011,4,4,3,5,8091,FESTIVE20,25,Mobile App
394,2025-03-24 06:12:18,C0020,7,2,139,3,42367,NEWYEAR10,0,Mobile App
395,2025-01-27 06:34:22,C0009,8,1,344,5,37175,WELCOME5,5,Online
396,2025-04-24 01:08:01,C0018,1,1,361,5,22699,WELCOME5,20,In-Store
397,2025-08-03 22:44:28,C0016,4,2,418,5,39346,NEWYEAR10,0,Mobile App
398,2025-07-25 22:29:06,C0020,1,1,544,2,6589,FESTIVE20,25,Mobile App
399,2025-03-26 10:29:31,C0015,8,1,442,2,46349,FESTIVE20,5,In-Store
400,2025-05-11 03:25:52,C0001,8,2,84,5,38162,WELCOME5,15,In-Store
401,2025-09-07 15:24:04,C0004,4,1,109,2,36410,FLASH50,15,Mobile App
402,2025-05-27 15:07:37,C0011,5,4,475,1,48955,WELCOME5,20,Mobile App
403,2025-06-02 12:20:31,C0020,7,3,545,1,45425,FLASH50,5,Mobile App
404,2025-05-28 14:12:13,C0002,6,2,410,3,26057,NEWYEAR10,50,Mobile App
405,2025-08-19 17:03:00,C0011,1,1,241,3,4590,WELCOME5,0,Online
406,2025-04-22 17:13:42,C0018,4,1,247,4,27109,NEWYEAR10,5,Mobile App
407,2025-01-19 20:01:09,C0006,2,3,6,2,9300,FLASH50,50,In-Store
408,2025-04-19 17:52:28,C0016,2,3,341,2,30279,FESTIVE20,25,Mobile App
409,2025-08-26 17:36:23,C0013,6,1,271,5,18145,FLASH50,20,Mobile App
410,2025-03-13 14:33:05,C0002,8,2,521,5,49690,NEWYEAR10,20,Mobile App
411,2025-04-27 16:57:30,C0017,6,2,315,5,1206,NEWYEAR10,25,In-Store
412,2025-06-11 15:37:10,C0019,5,1,40,5,17568,WELCOME5,10,Mobile App
413,2025-03-13 08:54:16,C0019,1,2,410,3,9186,WELCOME5,15,In-Store
414,2025-01-09 10:05:09,C0001,2,2,578,2,35062,FLASH50,10,In-Store
415,2025-03-30 01:41:16,C0020,8,4,565,5,48627,FLASH50,5,Online
416,2025-02-07 16:55:27,C0004,2,2,172,4,31602,FLASH50,15,In-Store
417,2025-08-24 20:54:17,C0001,8,1,407,3,28797,WELCOME5,20,Mobile App
418,2025-05-31 06:33:21,C0011,1,1,448,2,48623,WELCOME5,25,Mobile App
419,2025-07-05 09:16:12,C0006,3,1,146,4,23536,NEWYEAR10,0,Mobile App
420,2025-06-18 20:36:51,C0002,4,2,244,5,9013,FESTIVE20,20,Online
421,2025-07-17 10:16:10,C0006,2,2,443,4,45865,WELCOME5,15,In-Store
422,2025-09-08 06:39:25,C0003,3,1,331,4,5048,FLASH50,10,Online
423,2025-01-19 02:36:46,C0006,4,3,23,3,7269,FLASH50,5,Mobile App
424,2025-06-29 10:57:25,C0009,3,3,103,4,17961,FESTIVE20,25,Mobile App
425,2025-07-19 15:07:36,C0019,8,2,548,4,45671,FLASH50,15,Online
426,2025-04-28 09:41:12,C0018,7,1,564,3,5772,FLASH50,0,Mobile App
427,2025-07-08 06:08:02,C0006,5,2,291,1,41970,WELCOME5,25,In-Store
428,2025-03-28 01:21:50,C0007,6,2,25,4,1575,FLASH50,0,Mobile App
429,2025-05-06 20:01:30,C0002,4,3,95,1,48699,FLASH50,25,Online
430,2025-08-02 18:04:52,C0020,6,2,118,4,40557,NEWYEAR10,5,Online
431,2025-09-07 21:36:34,C0004,8,2,79,4,21749,NEWYEAR10,50,Mobile App
432,2025-04-05 17:10:28,C0005,6,1,463,4,11513,FESTIVE20,10,Online
433,2025-08-26 02:45:41,C0008,2,2,123,1,973,FLASH50,50,Online
434,2025-06-27 01:38:11,C0019,5,1,407,2,11939,FESTIVE20,5,In-Store
435,2025-04-03 17:32:14,C0016,1,2,411,5,6770,FLASH50,0,Online
436,2025-01-14 20:23:18,C0015,1,4,29,2,44418,FESTIVE20,0,Online
437,2025-01-30 02:57:15,C0007,1,3,345,1,32288,FLASH50,0,Online
438,2025-08-11 06:24:57,C0015,5,1,272,2,48849,WELCOME5,5,Online
439,2025-04-28 23:12:40,C0008,8,2,92,4,24976,NEWYEAR10,15,Online
440,2025-04-18 05:48:21,C0012,6,1,307,1,31009,FESTIVE20,0,Online
441,2025-01-04 23:27:47,C0008,2,1,185,4,30827,FESTIVE20,0,Mobile App
442,2025-07-16 16:02:27,C0008,7,4,489,1,31344,FESTIVE20,20,Online
443,2025-04-02 09:15:41,C0017,8,3,88,4,14787,FLASH50,15,Mobile App
444,2025-02-17 11:40:29,C0003,8,2,268,2,46580,FESTIVE20,25,In-Store
445,2025-07-08 01:32:58,C0001,5,2,220,1,41162,NEWYEAR10,10,Mobile App
446,2025-06-30 02:35:45,C0012,4,2,372,2,42978,WELCOME5,15,In-Store
447,2025-06-24 13:17:03,C0007,7,4,337,3,18021,NEWYEAR10,25,In-Store
448,2025-05-17 09:28:39,C0003,7,1,553,5,44953,FLASH50,20,Mobile App
449,2025-01-29 22:09:31,C0012,6,2,183,1,11298,NEWYEAR10,0,Online
450,2025-06-15 00:18:12,C0005,3,4,492,4,29588,FLASH50,25,In-Store
451,2025-04-28 09:36:08,C0003,6,2,297,5,36444,FLASH50,20,Mobile App
452,2025-06-08 05:45:34,C0010,1,4,114,3,30379,FLASH50,10,In-Store
453,2025-04-05 05:13:35,C0010,2,4,170,2,29394,FESTIVE20,5,Mobile App
454,2025-07-16 04:29:59,C0002,7,1,334,1,27013,WELCOME5,15,Online
455,2025-08-19 01:08:43,C0011,3,4,323,1,48448,WELCOME5,15,In-Store
456,2025-06-14 06:37:33,C0018,1,2,405,3,4106,FLASH50,20,Online
457,2025-06-04 16:03:58,C0008,6,1,402,4,21324,NEWYEAR10,20,Online
458,2025-08-12 17:05:13,C0012,2,3,298,3,20690,WELCOME5,15,In-Store
459,2025-02-06 06:19:30,C0015,8,3,58,5,39686,FESTIVE20,50,Online
460,2025-05-26 04:12:11,C0017,4,1,474,5,30785,NEWYEAR10,0,Online
461,2025-07-22 00:09:16,C0013,8,1,17,4,15214,WELCOME5,50,Mobile App
462,2025-06-03 23:23:37,C0010,4,3,44,3,32812,FLASH50,5,Online
463,2025-03-23 14:56:44,C0016,1,3,99,5,4334,NEWYEAR10,10,Online
464,2025-08-28 02:32:12,C0005,2,1,425,3,35208,WELCOME5,10,In-Store
465,2025-05-29 11:52:09,C0006,2,2,356,3,6780,WELCOME5,50,Mobile App
466,2025-08-01 06:50:57,C0001,1,4,147,2,33489,FLASH50,15,Online
467,2025-02-05 14:56:38,C0018,5,2,238,3,45788,NEWYEAR10,0,In-Store
468,2025-03-20 04:13:08,C0017,2,1,152,2,45591,NEWYEAR10,25,Mobile App
469,2025-06-18 16:37:03,C0003,4,3,532,1,2649,NEWYEAR10,50,Online
470,2025-08-19 06:11:42,C0016,1,2,391,5,13961,NEWYEAR10,10,Online
471,2025-05-26 02:06:52,C0012,4,2,339,5,16348,WELCOME5,20,Mobile App
472,2025-04-04 22:37:11,C0019,6,2,320,5,46883,WELCOME5,5,Online
473,2025-01-29 16:08:31,C0015,2,2,313,3,8601,FLASH50,15,Online
474,2025-06-25 14:14:35,C0012,3,1,203,5,48745,WELCOME5,15,In-Store
475,2025-04-12 14:33:42,C0014,5,1,69,4,44546,NEWYEAR10,50,Online
476,2025-02-21 19:54:25,C0003,2,2,222,3,13547,FLASH50,25,Online
477,2025-09-01 12:31:32,C0004,5,4,402,4,44191,WELCOME5,50,In-Store
478,2025-07-08 01:53:04,C0009,8,4,65,2,2447,NEWYEAR10,10,Mobile App
479,2025-04-30 06:18:42,C0016,2,2,531,5,32756,WELCOME5,5,Mobile App
480,2025-04-07 14:29:02,C0016,1,3,571,4,21114,NEWYEAR10,50,In-Store
481,2025-05-06 21:35:43,C0002,1,4,450,1,37780,FLASH50,15,In-Store
482,2025-01-16 00:37:02,C0018,8,3,209,3,19140,NEWYEAR10,15,Mobile App
483,2025-06-19 07:15:15,C0005,7,1,36,4,23520,WELCOME5,15,In-Store
484,2025-04-19 18:32:57,C0010,4,2,579,4,43607,NEWYEAR10,10,Online
485,2025-06-26 21:13:21,C0014,3,1,66,1,32505,NEWYEAR10,10,Mobile App
486,2025-01-13 09:36:25,C0016,2,1,174,2,19332,WELCOME5,15,Mobile App
487,2025-07-30 09:32:51,C0008,4,2,433,3,5524,WELCOME5,0,Online
488,2025-05-08 06:42:52,C0010,7,3,384,5,12725,FLASH50,15,Online
489,2025-03-23 02:40:13,C0015,5,1,271,3,29033,FESTIVE20,10,Online
490,2025-01-08 07:51:52,C0014,1,1,131,1,10327,WELCOME5,25,Online
491,2025-07-22 08:42:35,C0010,8,3,169,2,2409,FLASH50,25,In-Store
492,2025-06-18 02:25:53,C0006,8,2,447,4,24318,NEWYEAR10,50,Online
493,2025-04-10 23:47:15,C0005,4,4,491,3,38794,WELCOME5,15,In-Store
494,2025-05-17 11:44:07,C0014,2,4,330,5,4165,FESTIVE20,5,In-Store
495,2025-06-15 19:02:53,C0011,8,3,13,3,20696,WELCOME5,50,Mobile App
496,2025-01-03 12:59:58,C0002,1,4,254,2,29493,WELCOME5,25,Mobile App
497,2025-08-10 02:52:49,C0009,4,1,181,4,2720,WELCOME5,5,Mobile App
498,2025-06-04 23:52:35,C0016,5,3,277,1,23559,FLASH50,50,Mobile App
499,2025-03-22 18:05:07,C0011,3,3,200,2,41676,FESTIVE20,25,In-Store
500,2025-03-14 06:05:26,C0006,2,4,535,5,21968,WELCOME5,15,Online
501,2025-08-07 05:03:25,C0012,5,4,466,2,17656,FESTIVE20,0,In-Store
502,2025-08-24 14:52:43,C0020,1,3,519,5,29018,NEWYEAR10,10,Mobile App
503,2025-02-22 19:13:52,C0016,6,2,573,2,28766,FESTIVE20,50,In-Store
504,2025-08-21 07:23:37,C0010,5,4,302,2,40980,FLASH50,50,In-Store
505,2025-07-08 19:16:04,C0015,3,2,280,4,46929,FESTIVE20,50,Mobile App
506,2025-03-19 12:42:23,C0004,3,2,247,5,41109,FESTIVE20,15,In-Store
507,2025-05-16 13:09:16,C0005,2,2,474,1,21295,FESTIVE20,20,Online
508,2025-07-14 08:33:20,C0004,3,1,556,3,40669,FLASH50,50,In-Store
509,2025-02-16 01:30:16,C0014,7,4,154,2,4076,FESTIVE20,20,Online
510,2025-07-04 04:07:22,C0006,5,3,568,4,7872,FLASH50,0,In-Store
511,2025-05-27 05:26:58,C0003,1,4,514,1,34972,FESTIVE20,25,Mobile App
512,2025-03-24 04:01:05,C0003,8,4,561,5,7451,WELCOME5,0,In-Store
513,2025-08-09 01:51:41,C0015,8,3,141,5,8975,NEWYEAR10,10,Mobile App
514,2025-08-07 06:10:24,C0010,3,1,13,4,6345,FLASH50,0,Online
515,2025-02-21 15:28:56,C0013,2,1,343,1,24581,WELCOME5,15,In-Store
516,2025-05-12 10:29:43,C0013,1,3,26,4,6591,NEWYEAR10,50,In-Store
517,2025-08-20 09:53:15,C0008,8,4,458,2,8874,WELCOME5,15,In-Store
518,2025-07-04 18:52:16,C0017,1,3,440,1,30951,NEWYEAR10,0,In-Store
519,2025-04-17 22:19:20,C0012,4,1,56,4,3466,NEWYEAR10,25,Online
520,2025-06-22 03:27:34,C0019,8,3,586,5,17494,WELCOME5,50,Online
521,2025-06-04 23:31:19,C0001,5,2,497,4,43604,NEWYEAR10,5,Mobile App
522,2025-08-08 00:13:30,C0020,5,1,129,1,46115,NEWYEAR10,5,Online
523,2025-08-20 04:47:44,C0005,5,4,114,1,8132,NEWYEAR10,10,In-Store
524,2025-01-03 03:40:54,C0015,8,3,219,4,3837,FLASH50,20,Mobile App
525,2025-04-19 18:20:35,C0014,8,3,11,1,35123,NEWYEAR10,15,Online
526,2025-03-15 23:12:30,C0003,5,1,112,4,1863,NEWYEAR10,15,Mobile App
527,2025-08-29 21:41:47,C0012,6,3,559,4,27819,WELCOME5,20,In-Store
528,2025-06-05 15:06:50,C0012,2,3,107,2,13573,WELCOME5,25,Online
529,2025-02-14 16:02:51,C0014,1,3,109,3,44863,FESTIVE20,20,In-Store
530,2025-01-12 17:17:57,C0003,5,1,515,3,23781,FESTIVE20,0,In-Store
531,2025-02-12 20:07:55,C0005,3,2,69,1,33746,FLASH50,50,Mobile App
532,2025-02-05 03:54:12,C0007,2,1,549,3,22428,FLASH50,50,Online
533,2025-04-17 11:40:42,C0015,3,3,501,3,47371,FLASH50,10,In-Store
534,2025-08-30 00:28:09,C0008,5,4,237,5,45208,FESTIVE20,50,In-Store
535,2025-02-08 18:03:40,C0001,4,2,427,1,43765,WELCOME5,15,In-Store
536,2025-08-24 04:44:25,C0017,5,1,407,3,35089,WELCOME5,25,Online
537,2025-07-05 23:47:56,C0015,8,4,256,5,22421,FLASH50,50,Online
538,2025-03-03 09:46:27,C0005,6,1,169,5,39330,WELCOME5,20,Online
539,2025-05-27 23:00:29,C0017,3,2,195,1,29908,WELCOME5,25,Online
540,2025-05-13 18:12:52,C0011,6,4,215,2,7396,WELCOME5,10,Mobile App
541,2025-02-24 14:04:23,C0012,4,3,321,4,9023,FLASH50,50,Online
542,2025-05-10 04:31:45,C0017,5,3,98,4,11172,FLASH50,25,Mobile App
543,2025-01-31 11:36:18,C0015,4,4,72,5,27279,FLASH50,15,Online
544,2025-05-31 13:03:59,C0002,4,4,524,2,9815,WELCOME5,10,Online
545,2025-03-21 18:28:57,C0010,6,1,381,4,32034,FLASH50,0,Online
546,2025-07-06 10:05:51,C0011,8,3,581,4,10263,FESTIVE20,20,Mobile App
547,2025-08-10 05:45:01,C0020,5,3,60,3,42830,FLASH50,10,Mobile App
548,2025-06-18 17:11:01,C0019,4,1,79,5,1723,FESTIVE20,20,In-Store
549,2025-08-28 00:21:27,C0009,6,4,578,1,32709,NEWYEAR10,50,Mobile App
550,2025-02-16 08:49:05,C0006,3,3,98,2,19200,FLASH50,10,Mobile App
551,2025-01-26 10:09:26,C0005,5,1,256,1,20031,NEWYEAR10,20,Mobile App
552,2025-03-10 01:20:29,C0011,5,1,76,5,25734,NEWYEAR10,5,Mobile App
553,2025-01-26 07:48:35,C0018,4,3,450,5,38915,NEWYEAR10,15,In-Store
554,2025-03-04 17:27:58,C0005,5,1,523,5,11522,NEWYEAR10,50,In-Store
555,2025-06-03 08:53:43,C0018,3,3,180,1,32100,FLASH50,50,Online
556,2025-08-01 04:46:35,C0013,6,1,81,4,46272,NEWYEAR10,5,Online
557,2025-04-28 19:21:01,C0009,6,3,140,3,22889,WELCOME5,25,Online
558,2025-08-13 20:41:04,C0005,8,2,527,5,5818,NEWYEAR10,25,In-Store
559,2025-04-05 06:28:00,C0018,8,2,310,1,8676,WELCOME5,50,Online
560,2025-03-13 15:57:45,C0008,1,2,25,4,24289,FESTIVE20,0,Online
561,2025-05-25 21:43:38,C0020,3,4,493,2,43743,FLASH50,0,Mobile App
562,2025-05-17 19:16:43,C0019,4,4,453,1,45915,NEWYEAR10,5,Online
563,2025-04-30 15:23:33,C0018,3,3,347,1,45075,NEWYEAR10,50,In-Store
564,2025-08-14 18:51:01,C0002,3,4,54,2,22435,FLASH50,20,In-Store
565,2025-04-21 00:37:51,C0008,4,3,324,1,2326,FESTIVE20,5,Mobile App
566,2025-06-03 19:28:48,C0011,6,1,520,2,5278,FLASH50,5,Mobile App
567,2025-03-19 19:40:27,C0004,4,3,35,1,29461,NEWYEAR10,0,Online
568,2025-06-03 21:39:00,C0003,3,2,580,4,15777,WELCOME5,50,Mobile App
569,2025-01-28 03:00:38,C0015,8,3,132,3,39022,NEWYEAR10,10,Mobile App
570,2025-02-02 09:37:27,C0003,2,4,39,2,3388,WELCOME5,15,Online
571,2025-06-18 21:09:03,C0017,1,1,390,1,34426,FESTIVE20,15,In-Store
572,2025-06-27 22:29:38,C0008,5,2,321,2,44268,FESTIVE20,5,In-Store
573,2025-02-27 22:14:29,C0011,1,1,425,2,742,WELCOME5,5,In-Store
574,2025-01-03 02:22:01,C0020,6,4,238,2,940,WELCOME5,50,In-Store
575,2025-02-14 07:56:16,C0018,2,2,189,2,13464,FLASH50,5,Online
576,2025-07-21 03:21:59,C0006,6,1,436,2,25333,FESTIVE20,0,Online
577,2025-08-14 04:50:12,C0007,8,1,98,1,8265,WELCOME5,50,Mobile App
578,2025-03-05 01:40:50,C0007,7,3,215,3,10236,FLASH50,25,Mobile App
579,2025-07-12 16:23:31,C0009,8,4,429,4,49737,NEWYEAR10,50,Mobile App
580,2025-06-13 18:41:02,C0017,2,3,265,3,38588,WELCOME5,20,In-Store
581,2025-04-06 08:35:05,C0007,6,4,565,5,10802,FESTIVE20,15,In-Store
582,2025-04-26 14:27:26,C0005,1,2,283,5,22544,WELCOME5,5,Mobile App
583,2025-03-17 16:32:34,C0012,7,3,55,1,24033,FLASH50,0,In-Store
584,2025-03-06 09:47:52,C0003,6,1,217,2,44743,NEWYEAR10,0,In-Store
585,2025-06-17 00:30:41,C0009,2,4,504,4,38507,NEWYEAR10,50,In-Store
586,2025-05-22 14:46:52,C0017,5,4,526,5,38969,FESTIVE20,25,Online
587,2025-04-06 04:36:55,C0015,4,1,20,4,37098,FESTIVE20,15,In-Store
588,2025-03-18 10:37:01,C0005,3,1,359,4,45753,WELCOME5,10,Mobile App
589,2025-04-09 06:30:06,C0019,2,2,356,4,4675,WELCOME5,20,Online
590,2025-02-17 06:04:58,C0011,1,3,17,5,32521,FESTIVE20,0,Mobile App
591,2025-02-13 10:55:58,C0013,6,1,6,3,34482,WELCOME5,25,Online
592,2025-02-22 09:27:52,C0014,2,3,585,2,9015,FESTIVE20,20,In-Store
593,2025-07-26 07:33:21,C0016,1,4,403,1,26664,FLASH50,10,In-Store
594,2025-07-30 05:26:15,C0019,8,3,409,3,26130,NEWYEAR10,25,In-Store
595,2025-02-10 08:56:40,C0006,8,3,585,1,16208,FESTIVE20,25,Mobile App
596,2025-07-19 10:26:28,C0018,4,1,513,1,33556,FLASH50,15,Online
597,2025-01-10 00:16:07,C0006,6,1,261,4,13240,FLASH50,0,In-Store
598,2025-02-11 05:53:01,C0005,8,1,564,4,18793,FLASH50,0,Online
599,2025-02-09 14:22:11,C0020,2,2,180,1,44892,NEWYEAR10,20,Online
600,2025-06-03 00:03:49,C0007,6,2,33,3,29597,NEWYEAR10,50,Mobile App
601,2025-02-19 21:42:04,C0013,6,4,551,1,22593,FESTIVE20,5,Online
602,2025-06-09 06:59:34,C0008,2,2,130,5,41577,NEWYEAR10,15,In-Store
603,2025-01-04 12:13:29,C0013,4,3,207,4,43360,FESTIVE20,0,Online
604,2025-05-18 18:10:16,C0008,1,2,476,4,7172,NEWYEAR10,0,Mobile App
605,2025-08-22 18:28:24,C0004,5,1,406,3,1656,WELCOME5,5,Online
606,2025-01-21 01:08:23,C0017,3,4,412,4,16461,NEWYEAR10,20,Mobile App
607,2025-08-13 10:08:17,C0016,6,1,493,5,29580,FLASH50,5,Mobile App
608,2025-08-21 21:15:51,C0011,5,2,34,2,35844,NEWYEAR10,5,Online
609,2025-02-06 06:08:05,C0008,7,3,420,2,3914,FLASH50,25,Online
610,2025-02-15 19:15:19,C0006,6,4,281,2,16551,FLASH50,25,Mobile App
611,2025-05-10 19:47:27,C0010,6,3,279,4,29426,FLASH50,0,Online
612,2025-04-29 09:29:18,C0005,3,3,246,2,17361,FLASH50,50,Mobile App
613,2025-05-09 23:46:23,C0013,4,3,578,1,1341,FESTIVE20,25,Online
614,2025-08-27 18:10:12,C0016,5,3,251,1,8657,WELCOME5,15,In-Store
615,2025-01-09 11:40:45,C0014,7,1,322,2,16382,WELCOME5,25,Mobile App
616,2025-08-23 12:25:45,C0001,1,4,475,1,42731,FESTIVE20,10,Online
617,2025-05-31 09:46:26,C0019,6,2,248,5,43654,FESTIVE20,50,Mobile App
618,2025-01-25 02:49:44,C0003,7,2,1,2,32725,WELCOME5,25,Online
619,2025-08-31 03:28:36,C0014,1,3,336,4,12426,FESTIVE20,5,Online
620,2025-06-12 05:05:18,C0007,6,4,583,5,7656,FESTIVE20,50,In-Store
621,2025-03-10 00:42:37,C0003,4,3,40,1,1123,NEWYEAR10,10,In-Store
622,2025-03-28 11:43:56,C0002,6,2,285,3,40108,FLASH50,20,In-Store
623,2025-08-11 22:25:46,C0011,6,1,306,1,702,FLASH50,15,In-Store
624,2025-09-03 10:01:40,C0005,4,2,424,2,705,FESTIVE20,10,Mobile App
625,2025-08-08 22:57:06,C0012,7,2,439,4,31703,FESTIVE20,20,In-Store
626,2025-08-18 14:07:30,C0013,6,1,116,5,31092,NEWYEAR10,5,Mobile App
627,2025-08-20 12:49:17,C0018,6,4,214,1,11001,FESTIVE20,50,In-Store
628,2025-07-16 19:04:41,C0008,8,1,383,3,15167,FESTIVE20,20,Mobile App
629,2025-07-09 18:59:12,C0011,5,3,224,1,6341,FESTIVE20,5,Online
630,2025-08-05 12:27:20,C0004,2,1,130,5,35601,FLASH50,20,Online
631,2025-06-24 14:09:38,C0012,6,4,334,3,14846,FLASH50,0,Online
632,2025-08-01 06:31:18,C0010,3,4,419,5,31844,WELCOME5,20,Mobile App
633,2025-03-18 21:58:54,C0013,7,2,257,4,48170,FESTIVE20,50,Online
634,2025-03-14 09:44:59,C0006,5,2,485,1,35092,FLASH50,25,In-Store
635,2025-04-24 22:30:18,C0007,4,3,93,2,38324,WELCOME5,50,In-Store
636,2025-02-13 01:06:22,C0005,6,4,564,4,45028,NEWYEAR10,10,In-Store
637,2025-04-12 15:19:44,C0016,3,4,158,1,8285,WELCOME5,20,Online
638,2025-01-31 03:05:07,C0020,5,4,6,4,24572,FLASH50,50,Mobile App
639,2025-04-22 09:36:08,C0016,3,4,467,4,42744,WELCOME5,25,In-Store
640,2025-01-17 16:53:37,C0004,4,1,328,5,35239,FLASH50,50,Mobile App
641,2025-01-11 04:36:13,C0018,6,2,81,4,21097,FESTIVE20,50,Mobile App
642,2025-01-01 07:19:02,C0006,1,2,438,2,28225,NEWYEAR10,0,Mobile App
643,2025-01-12 07:02:12,C0017,8,1,550,1,43925,FLASH50,25,Mobile App
644,2025-05-21 08:16:24,C0005,6,1,49,5,28157,FESTIVE20,20,Mobile App
645,2025-06-15 06:45:23,C0006,8,3,463,3,41992,WELCOME5,25,Online
646,2025-02-01 17:07:43,C0019,5,4,177,2,5580,WELCOME5,50,Mobile App
647,2025-04-07 07:24:06,C0018,4,3,64,3,1146,NEWYEAR10,10,Online
648,2025-03-23 12:11:22,C0004,1,4,118,1,3643,NEWYEAR10,20,Mobile App
649,2025-03-10 01:58:46,C0018,8,3,490,4,37695,WELCOME5,0,Online
650,2025-08-14 07:19:40,C0012,5,4,480,4,34617,FESTIVE20,15,In-Store
651,2025-01-22 23:18:35,C0003,5,1,37,2,38203,NEWYEAR10,25,Online
652,2025-07-10 00:45:27,C0016,5,2,558,5,12963,FLASH50,15,Online
653,2025-04-01 01:27:31,C0018,6,1,344,3,9237,FLASH50,5,Online
654,2025-02-24 00:47:40,C0013,7,4,174,4,19737,WELCOME5,25,In-Store
655,2025-03-26 09:22:06,C0019,6,3,308,1,40839,NEWYEAR10,15,In-Store
656,2025-08-19 04:26:07,C0001,2,1,344,1,35174,WELCOME5,0,Online
657,2025-07-27 08:06:28,C0016,2,2,358,4,12439,FESTIVE20,15,In-Store
658,2025-04-12 13:47:21,C0015,2,4,89,3,3138,FLASH50,0,Online
659,2025-07-15 12:32:46,C0002,6,4,499,2,21791,WELCOME5,0,Mobile App
660,2025-08-01 10:27:38,C0013,4,4,453,2,3910,NEWYEAR10,5,Mobile App
661,2025-02-17 07:17:49,C0001,8,3,342,2,48292,WELCOME5,15,Mobile App
662,2025-02-08 07:07:08,C0004,6,1,420,5,41716,FESTIVE20,15,Online
663,2025-03-20 22:40:14,C0013,1,2,349,4,27192,FESTIVE20,15,Online
664,2025-08-30 11:45:26,C0008,5,1,186,3,24327,NEWYEAR10,20,Online
665,2025-01-26 13:11:16,C0008,3,1,404,4,18860,NEWYEAR10,0,In-Store
666,2025-04-03 23:49:37,C0016,7,1,543,3,49081,NEWYEAR10,0,In-Store
667,2025-05-31 20:52:12,C0017,6,1,27,5,8387,FESTIVE20,20,Online
668,2025-02-19 13:35:45,C0007,4,3,84,2,3371,WELCOME5,10,Mobile App
669,2025-06-03 08:44:08,C0009,7,1,114,5,1933,NEWYEAR10,15,Mobile App
670,2025-07-19 12:25:38,C0010,3,2,374,5,25675,FLASH50,15,In-Store
671,2025-08-07 07:18:45,C0009,2,4,198,5,17462,FESTIVE20,20,Mobile App
672,2025-03-11 01:41:15,C0009,2,2,89,2,18703,NEWYEAR10,20,Mobile App
673,2025-01-15 20:52:00,C0007,3,2,212,5,19826,WELCOME5,10,In-Store
674,2025-06-04 17:13:52,C0012,1,4,420,3,41540,WELCOME5,0,Mobile App
675,2025-04-22 11:09:57,C0015,7,4,484,2,48328,FESTIVE20,20,In-Store
676,2025-01-06 09:10:56,C0016,8,2,187,2,42938,FLASH50,5,Mobile App
677,2025-05-15 04:46:48,C0006,6,3,483,4,7068,FESTIVE20,0,Mobile App
678,2025-08-29 20:38:00,C0001,5,2,97,1,18041,NEWYEAR10,0,Online
679,2025-03-04 01:34:44,C0001,7,2,105,3,31885,FESTIVE20,5,In-Store
680,2025-02-28 13:24:09,C0009,3,2,14,1,15200,NEWYEAR10,20,Online
681,2025-06-07 10:07:23,C0012,6,1,50,3,23916,NEWYEAR10,15,Online
682,2025-03-15 11:56:06,C0003,2,2,548,3,41444,FLASH50,20,Online
683,2025-07-04 15:52:04,C0009,7,3,299,2,26098,NEWYEAR10,50,In-Store
684,2025-05-04 22:26:38,C0004,1,3,281,3,32888,NEWYEAR10,10,In-Store
685,2025-04-18 16:36:49,C0011,6,4,478,1,38574,FLASH50,20,In-Store
686,2025-04-03 04:18:29,C0008,6,2,230,1,4404,NEWYEAR10,5,Online
687,2025-01-07 22:27:23,C0005,6,3,488,2,25237,FESTIVE20,0,Mobile App
688,2025-05-26 13:09:48,C0002,4,2,7,2,5550,FESTIVE20,0,Online
689,2025-02-09 01:56:41,C0006,2,3,73,1,19293,FLASH50,15,Mobile App
690,2025-02-28 13:59:10,C0002,2,4,473,5,20556,FLASH50,50,Mobile App
691,2025-06-04 02:52:44,C0009,5,2,372,2,49389,FESTIVE20,15,In-Store
692,2025-01-20 11:38:49,C0015,7,3,68,3,7604,FLASH50,5,Online
693,2025-05-22 06:40:59,C0011,6,2,129,1,20758,FESTIVE20,20,Mobile App
694,2025-04-02 09:25:32,C0002,1,4,4,1,20724,NEWYEAR10,20,In-Store
695,2025-07-26 04:01:37,C0007,5,1,336,5,7119,FESTIVE20,25,In-Store
696,2025-08-15 06:51:43,C0013,3,3,156,1,47585,FESTIVE20,5,Mobile App
697,2025-06-06 19:04:09,C0005,7,4,138,4,16170,FESTIVE20,10,Online
698,2025-08-28 09:10:04,C0019,4,3,117,4,21059,FESTIVE20,50,Online
699,2025-08-25 04:07:36,C0009,7,1,431,3,29469,NEWYEAR10,5,In-Store
700,2025-04-06 02:43:26,C0016,7,2,205,5,41435,FLASH50,15,In-Store
701,2025-05-26 12:54:04,C0017,1,3,109,3,25129,NEWYEAR10,25,Online
702,2025-08-23 12:49:27,C0008,8,3,70,2,48457,WELCOME5,15,Online
703,2025-04-27 01:34:09,C0007,7,3,185,4,7992,WELCOME5,10,Mobile App
704,2025-02-24 00:48:43,C0016,6,4,34,4,14486,NEWYEAR10,20,In-Store
705,2025-08-12 13:33:13,C0014,1,1,303,3,47175,NEWYEAR10,5,Online
706,2025-05-18 22:50:10,C0009,3,4,320,4,32063,FLASH50,10,In-Store
707,2025-08-18 14:59:09,C0014,5,1,102,3,1429,FESTIVE20,0,Mobile App
708,2025-01-25 01:13:47,C0016,4,1,386,4,42372,WELCOME5,20,Online
709,2025-08-18 09:32:52,C0007,2,3,197,3,1561,FESTIVE20,10,In-Store
710,2025-04-06 05:35:38,C0004,8,3,284,2,30569,FLASH50,10,Online
711,2025-06-07 13:06:31,C0006,5,3,9,1,43073,FLASH50,25,Online
712,2025-02-20 15:07:22,C0020,8,2,76,5,25474,WELCOME5,50,In-Store
713,2025-08-20 13:43:15,C0015,5,3,562,3,20645,WELCOME5,50,Mobile App
714,2025-05-23 12:12:39,C0001,3,3,159,5,28681,NEWYEAR10,5,Online
715,2025-01-26 22:51:08,C0013,5,2,155,2,29165,FLASH50,25,Mobile App
716,2025-07-17 18:09:01,C0017,5,2,417,4,1256,FESTIVE20,10,Online
717,2025-05-18 07:46:49,C0020,5,2,133,2,19959,FESTIVE20,15,Online
718,2025-01-28 04:18:16,C0013,3,1,81,4,39552,NEWYEAR10,5,Online
719,2025-05-05 20:04:13,C0006,4,2,48,1,27615,WELCOME5,50,In-Store
720,2025-08-07 01:07:21,C0014,7,3,404,5,41867,FESTIVE20,5,Mobile App
721,2025-08-10 11:07:57,C0012,3,3,143,5,10484,WELCOME5,0,Mobile App
722,2025-03-31 22:35:41,C0007,7,2,62,4,13557,FESTIVE20,0,In-Store
723,2025-05-30 18:19:10,C0010,8,3,67,3,26244,FLASH50,5,Mobile App
724,2025-04-20 06:36:22,C0007,5,3,249,1,40299,FLASH50,20,Mobile App
725,2025-01-08 03:11:51,C0012,8,2,262,5,23585,NEWYEAR10,20,Mobile App
726,2025-03-23 22:00:45,C0011,2,3,5,3,8515,FESTIVE20,0,Online
727,2025-01-27 17:17:45,C0011,8,4,144,2,35054,FESTIVE20,20,Mobile App
728,2025-03-12 13:07:07,C0020,5,2,31,4,33179,WELCOME5,50,Online
729,2025-03-14 04:53:25,C0015,7,4,309,5,804,FESTIVE20,20,Mobile App
730,2025-04-13 02:35:49,C0002,7,2,228,3,49893,NEWYEAR10,15,In-Store
731,2025-02-27 01:52:00,C0011,3,3,19,5,7233,WELCOME5,25,In-Store
732,2025-01-14 08:56:50,C0005,7,2,582,1,45604,FESTIVE20,5,Mobile App
733,2025-04-28 03:08:20,C0002,3,2,389,2,9528,NEWYEAR10,10,Mobile App
734,2025-03-09 09:45:05,C0005,8,3,62,4,15300,FESTIVE20,20,In-Store
735,2025-04-09 06:31:06,C0012,6,4,549,2,31180,NEWYEAR10,15,Mobile App
736,2025-08-11 19:32:12,C0011,7,4,304,3,25769,FLASH50,25,Online
737,2025-01-29 07:01:57,C0013,4,4,497,4,7523,FLASH50,5,Online
738,2025-04-01 13:13:09,C0015,1,4,57,1,36564,FLASH50,25,In-Store
739,2025-02-19 09:12:25,C0013,7,3,279,4,48472,FLASH50,10,Mobile App
740,2025-05-28 08:15:04,C0006,8,1,24,1,3982,NEWYEAR10,25,Online
741,2025-02-13 06:22:40,C0018,1,2,137,3,32951,FLASH50,15,Mobile App
742,2025-06-24 02:10:11,C0010,3,1,206,2,11656,FESTIVE20,20,Mobile App
743,2025-07-14 00:38:22,C0011,2,3,454,1,11688,FLASH50,15,In-Store
744,2025-07-13 04:49:06,C0016,8,2,115,5,33474,FLASH50,0,Online
745,2025-07-31 11:19:45,C0004,7,1,8,3,30564,FLASH50,25,In-Store
746,2025-05-28 23:44:27,C0011,4,3,160,4,2525,NEWYEAR10,5,In-Store
747,2025-03-31 10:25:37,C0012,4,4,454,2,17887,FLASH50,25,Mobile App
748,2025-07-22 11:18:07,C0014,1,1,531,4,37636,NEWYEAR10,20,In-Store
749,2025-03-17 00:29:02,C0001,2,3,535,3,4734,FESTIVE20,20,In-Store
750,2025-02-05 11:56:18,C0007,4,1,165,1,3770,FLASH50,10,Mobile App
751,2025-08-27 11:15:51,C0017,4,4,318,2,2606,FESTIVE20,25,In-Store
752,2025-03-24 18:08:43,C0013,5,3,589,4,44993,WELCOME5,10,Mobile App
753,2025-04-07 13:06:08,C0007,2,1,126,4,36271,FESTIVE20,10,Mobile App
754,2025-01-07 13:05:48,C0017,7,3,372,4,2313,FLASH50,10,In-Store
755,2025-01-02 14:51:48,C0005,6,1,446,2,26907,FESTIVE20,20,In-Store
756,2025-05-04 22:21:55,C0017,3,3,376,1,19543,NEWYEAR10,10,Mobile App
757,2025-03-21 23:59:00,C0002,3,2,417,2,20219,FESTIVE20,20,Online
758,2025-01-07 16:28:25,C0016,4,4,319,2,7289,NEWYEAR10,5,Online
759,2025-02-07 20:01:11,C0002,1,2,287,5,8573,FLASH50,5,Mobile App
760,2025-03-12 12:24:44,C0005,2,4,443,4,24573,FLASH50,15,Mobile App
761,2025-03-19 01:41:41,C0004,5,3,387,4,1222,FESTIVE20,0,Mobile App
762,2025-08-08 16:13:22,C0020,3,3,335,2,23945,FESTIVE20,15,Online
763,2025-07-15 21:19:59,C0017,4,3,525,2,18741,FESTIVE20,10,Mobile App
764,2025-03-31 18:39:53,C0013,8,2,387,3,39091,FLASH50,20,Online
765,2025-03-01 23:50:15,C0013,3,2,507,4,21711,FESTIVE20,5,Mobile App
766,2025-04-06 19:40:53,C0004,5,4,510,1,29436,NEWYEAR10,0,Online
767,2025-03-15 07:12:47,C0001,7,4,454,4,29172,FLASH50,15,In-Store
768,2025-07-18 13:36:34,C0006,6,3,235,2,843,NEWYEAR10,25,Online
769,2025-02-05 02:28:27,C0003,2,1,571,5,37114,FESTIVE20,50,In-Store
770,2025-01-06 07:52:18,C0013,4,2,218,5,35924,WELCOME5,0,Online
771,2025-06-28 03:37:30,C0009,7,3,364,5,4212,FESTIVE20,10,In-Store
772,2025-07-07 10:59:48,C0009,3,2,547,2,36353,FLASH50,10,Online
773,2025-07-05 01:06:02,C0002,8,4,178,4,8984,NEWYEAR10,10,Mobile App
774,2025-08-09 12:43:43,C0016,7,4,405,2,35508,FLASH50,10,Online
775,2025-01-31 19:57:23,C0001,3,3,291,2,8074,FLASH50,25,Mobile App
776,2025-08-16 17:36:02,C0012,7,4,500,4,49486,NEWYEAR10,5,Online
777,2025-06-17 07:18:08,C0001,3,4,401,3,23415,NEWYEAR10,5,Online
778,2025-07-02 09:23:49,C0020,8,3,296,3,14936,NEWYEAR10,0,Mobile App
779,2025-05-05 08:05:13,C0018,6,1,413,4,46735,WELCOME5,25,In-Store
780,2025-04-27 03:01:31,C0005,1,4,511,4,43092,NEWYEAR10,10,Online
781,2025-08-09 12:24:28,C0002,1,1,11,4,32963,WELCOME5,50,Mobile App
782,2025-08-21 19:48:57,C0002,6,4,16,5,23293,FESTIVE20,25,Online
783,2025-04-10 23:59:43,C0011,6,1,368,1,7657,WELCOME5,25,Mobile App
784,2025-01-22 07:49:34,C0010,5,3,181,3,45234,FESTIVE20,15,Online
785,2025-03-24 08:54:11,C0010,5,1,440,3,37753,WELCOME5,10,Online
786,2025-01-15 18:05:17,C0015,3,3,270,5,14776,NEWYEAR10,15,Mobile App
787,2025-02-07 19:41:03,C0020,4,1,121,2,41809,FESTIVE20,10,Online
788,2025-06-23 11:34:45,C0008,3,2,9,3,17371,FLASH50,20,Online
789,2025-04-06 21:26:04,C0002,7,4,379,2,21850,NEWYEAR10,20,Online
790,2025-06-09 00:10:23,C0014,2,1,193,3,31346,WELCOME5,20,Mobile App
791,2025-06-18 23:09:24,C0002,2,1,21,4,38686,NEWYEAR10,20,Online
792,2025-03-23 08:12:53,C0003,6,2,294,5,34600,NEWYEAR10,50,Mobile App
793,2025-04-24 23:56:26,C0019,6,1,158,1,45921,FESTIVE20,50,In-Store
794,2025-07-31 04:59:34,C0012,7,2,554,2,37812,WELCOME5,25,In-Store
795,2025-05-28 15:40:56,C0008,2,3,100,4,33597,WELCOME5,10,In-Store
796,2025-01-09 13:01:44,C0007,8,4,584,1,8783,FESTIVE20,0,Mobile App
797,2025-08-18 10:37:38,C0006,2,2,221,3,8300,FLASH50,10,Mobile App
798,2025-07-07 05:46:49,C0020,3,2,90,4,46382,WELCOME5,15,In-Store
799,2025-07-04 18:17:49,C0019,2,2,340,4,12081,WELCOME5,25,In-Store
800,2025-02-15 04:02:52,C0004,1,4,504,4,21378,WELCOME5,0,In-Store
801,2025-02-27 05:18:58,C0007,1,3,292,3,32392,NEWYEAR10,10,In-Store
802,2025-07-24 06:00:31,C0009,6,2,359,1,35878,FESTIVE20,0,Mobile App
803,2025-08-24 03:28:56,C0001,6,1,471,1,47440,FLASH50,25,In-Store
804,2025-03-25 05:32:21,C0014,1,3,49,2,48168,FESTIVE20,10,Online
805,2025-01-03 07:08:37,C0009,4,3,416,1,42082,NEWYEAR10,15,Mobile App
806,2025-08-13 02:33:54,C0013,6,4,421,2,13513,FLASH50,5,In-Store
807,2025-06-07 12:40:37,C0007,5,2,173,4,45587,FLASH50,20,Online
808,2025-05-20 15:18:06,C0008,8,1,234,4,39680,WELCOME5,50,In-Store
809,2025-01-30 11:44:25,C0008,1,2,440,4,21399,FLASH50,10,Online
810,2025-03-24 08:43:20,C0005,8,3,518,1,37348,FESTIVE20,0,In-Store
811,2025-07-29 01:19:28,C0014,8,3,422,2,22771,FLASH50,10,Mobile App
812,2025-01-06 12:05:49,C0014,2,4,482,5,1805,NEWYEAR10,20,Mobile App
813,2025-03-16 05:58:23,C0011,4,1,153,4,47543,FESTIVE20,10,Mobile App
814,2025-03-19 00:14:40,C0011,6,3,188,1,10785,NEWYEAR10,0,In-Store
815,2025-07-04 22:48:46,C0008,1,2,338,1,5342,FLASH50,25,Online
816,2025-05-12 23:01:19,C0014,3,2,282,3,21715,NEWYEAR10,25,Mobile App
817,2025-09-05 13:35:17,C0009,6,3,148,4,6598,WELCOME5,25,In-Store
818,2025-05-28 00:25:49,C0016,6,1,150,1,30139,NEWYEAR10,15,Mobile App
819,2025-02-13 06:55:31,C0008,7,3,373,1,6751,NEWYEAR10,25,Mobile App
820,2025-07-09 10:53:09,C0019,4,4,202,3,27491,FLASH50,20,In-Store
821,2025-07-01 15:32:35,C0002,5,1,309,2,21591,WELCOME5,25,In-Store
822,2025-09-06 03:02:56,C0003,5,2,584,2,29178,FLASH50,5,Online
823,2025-03-17 23:59:56,C0014,2,3,289,3,8205,FESTIVE20,25,Online
824,2025-04-29 06:59:21,C0009,7,1,317,5,16965,FESTIVE20,10,Mobile App
825,2025-02-18 06:44:06,C0005,8,4,466,1,20936,WELCOME5,15,Online
826,2025-06-10 00:59:12,C0018,7,3,227,5,15313,NEWYEAR10,20,In-Store
827,2025-07-07 06:17:11,C0009,5,1,67,5,10489,WELCOME5,20,Online
828,2025-03-01 06:05:59,C0009,2,2,524,2,675,WELCOME5,20,Online
829,2025-04-23 13:42:30,C0020,2,4,541,2,34035,FLASH50,50,Online
830,2025-01-21 19:53:13,C0011,4,1,353,5,21273,FLASH50,15,In-Store
831,2025-02-15 00:55:23,C0006,2,1,229,4,43235,FLASH50,15,Mobile App
832,2025-02-19 00:37:19,C0015,5,1,350,4,24157,FESTIVE20,15,Online
833,2025-06-28 22:16:17,C0011,7,2,29,4,26602,NEWYEAR10,20,Mobile App
834,2025-02-09 22:47:11,C0002,8,2,477,1,40668,FLASH50,5,In-Store
835,2025-02-19 20:39:47,C0005,5,2,571,5,18684,NEWYEAR10,15,Online
836,2025-07-31 16:09:46,C0001,7,1,132,1,4756,WELCOME5,20,Mobile App
837,2025-05-24 11:07:21,C0009,2,2,181,1,20892,NEWYEAR10,10,Online
838,2025-07-16 05:50:00,C0015,8,2,12,5,41566,NEWYEAR10,0,In-Store
839,2025-03-15 05:17:08,C0007,8,1,470,1,25358,FESTIVE20,10,In-Store
840,2025-05-06 11:37:23,C0019,5,1,62,4,17837,FESTIVE20,10,In-Store
841,2025-06-29 16:35:53,C0012,2,3,226,3,14095,FLASH50,5,In-Store
842,2025-04-30 18:20:23,C0009,6,2,94,2,31643,FESTIVE20,15,Mobile App
843,2025-06-15 03:11:58,C0019,3,3,221,4,22435,NEWYEAR10,25,In-Store
844,2025-07-07 12:30:53,C0012,2,1,289,5,46014,FESTIVE20,50,Mobile App
845,2025-04-20 08:36:25,C0008,7,1,278,5,7568,FLASH50,25,Online
846,2025-03-21 04:51:22,C0019,2,2,61,3,4025,WELCOME5,20,Online
847,2025-03-02 06:27:05,C0015,2,3,127,3,5767,NEWYEAR10,25,In-Store
848,2025-08-22 15:42:24,C0008,7,4,142,4,46295,FLASH50,5,Mobile App
849,2025-05-17 02:22:31,C0015,4,4,259,4,39620,FESTIVE20,10,In-Store
850,2025-08-23 02:41:14,C0019,6,2,262,5,49762,FESTIVE20,10,Mobile App
851,2025-03-14 09:24:43,C0005,6,3,102,2,28399,FESTIVE20,10,In-Store
852,2025-01-26 20:55:25,C0016,1,2,488,3,45461,FESTIVE20,5,Online
853,2025-01-14 09:27:16,C0001,7,4,517,4,28186,FLASH50,25,Mobile App
854,2025-04-09 21:05:09,C0004,7,3,506,4,35346,WELCOME5,50,Online
855,2025-04-04 01:56:38,C0001,1,1,308,1,32587,FLASH50,15,Online
856,2025-04-25 10:19:40,C0012,5,1,10,3,27832,WELCOME5,50,In-Store
857,2025-04-21 08:22:29,C0002,7,2,332,2,41979,FLASH50,5,Online
858,2025-09-08 23:05:21,C0020,8,4,343,1,25529,NEWYEAR10,10,Mobile App
859,2025-03-19 19:32:34,C0010,5,3,171,2,37914,FESTIVE20,25,Online
860,2025-06-04 12:58:11,C0008,7,2,30,5,44503,FESTIVE20,50,In-Store
861,2025-09-07 20:20:06,C0010,3,1,530,4,39761,FESTIVE20,0,In-Store
862,2025-03-26 17:24:30,C0008,3,4,397,4,42100,FESTIVE20,0,Mobile App
863,2025-06-28 05:43:24,C0018,7,2,354,4,14304,WELCOME5,10,Mobile App
864,2025-03-16 10:28:43,C0009,3,3,199,5,24695,FLASH50,20,Mobile App
865,2025-03-02 12:58:34,C0015,2,2,330,5,49262,WELCOME5,20,In-Store
866,2025-05-21 13:22:48,C0005,4,3,265,2,48633,FLASH50,5,Online
867,2025-04-29 09:52:59,C0007,1,3,503,4,32929,WELCOME5,25,Online
868,2025-04-09 18:41:26,C0015,2,4,64,2,45284,WELCOME5,0,Mobile App
869,2025-02-12 18:40:30,C0014,6,3,164,3,40464,FESTIVE20,5,Online
870,2025-08-28 22:58:12,C0003,3,1,317,2,11982,FESTIVE20,50,Mobile App
871,2025-07-23 05:29:32,C0011,1,4,159,5,29575,NEWYEAR10,5,Online
872,2025-08-09 12:04:50,C0004,2,1,316,4,34563,FLASH50,25,Mobile App
873,2025-07-03 16:40:41,C0014,4,1,264,1,24314,FLASH50,15,In-Store
874,2025-02-06 07:50:30,C0015,4,3,223,4,43526,FESTIVE20,50,In-Store
875,2025-04-24 10:50:28,C0007,4,1,461,3,19852,NEWYEAR10,15,In-Store
876,2025-03-16 09:45:10,C0009,3,1,477,5,24271,FESTIVE20,20,In-Store
877,2025-06-13 07:01:54,C0019,8,1,168,3,25680,WELCOME5,5,Mobile App
878,2025-02-09 18:54:32,C0007,2,1,428,2,23058,WELCOME5,10,Mobile App
879,2025-08-31 02:21:14,C0011,5,1,444,4,1432,FESTIVE20,50,In-Store
880,2025-08-22 20:58:00,C0010,6,4,378,4,30602,WELCOME5,20,In-Store
881,2025-09-04 17:54:47,C0017,6,4,368,1,18291,NEWYEAR10,15,Mobile App
882,2025-09-08 19:17:35,C0018,3,2,26,4,12128,FESTIVE20,5,Online
883,2025-05-29 15:29:06,C0009,6,2,508,2,38882,FESTIVE20,20,Online
884,2025-05-31 06:38:31,C0018,7,2,362,2,7045,FESTIVE20,15,In-Store
885,2025-06-03 08:31:40,C0010,5,2,269,3,49950,FLASH50,50,Online
886,2025-06-10 14:07:48,C0006,8,1,201,5,33468,WELCOME5,10,In-Store
887,2025-04-24 10:40:43,C0006,3,3,578,3,6697,FLASH50,15,In-Store
888,2025-03-18 19:13:36,C0018,6,4,459,4,7244,FESTIVE20,5,Mobile App
889,2025-06-02 13:49:46,C0005,2,1,435,5,31549,FLASH50,50,In-Store
890,2025-04-26 09:27:36,C0009,1,4,206,3,49338,WELCOME5,10,Mobile App
891,2025-02-23 21:45:16,C0013,3,3,136,1,46659,NEWYEAR10,15,In-Store
892,2025-08-08 08:06:04,C0010,3,1,293,5,33460,FLASH50,50,Online
893,2025-04-07 01:06:03,C0008,7,4,390,3,40261,FLASH50,0,Online
894,2025-02-08 18:19:36,C0011,7,1,588,4,10446,WELCOME5,0,In-Store
895,2025-07-17 02:55:50,C0007,8,2,518,1,9705,WELCOME5,20,Mobile App
896,2025-09-06 22:16:16,C0011,8,1,452,3,13540,FESTIVE20,10,In-Store
897,2025-01-05 18:27:02,C0020,2,2,243,1,34071,FLASH50,15,Mobile App
898,2025-07-24 16:54:54,C0017,8,1,109,1,35349,WELCOME5,25,Mobile App
899,2025-01-19 05:41:36,C0003,6,3,218,2,43127,FLASH50,50,Mobile App
900,2025-04-20 04:16:54,C0011,5,3,211,1,15260,FLASH50,20,Online
901,2025-01-26 00:34:38,C0008,8,1,124,2,20716,WELCOME5,25,Online
902,2025-03-11 07:59:58,C0002,7,4,281,3,11201,WELCOME5,50,Online
903,2025-04-25 14:25:12,C0007,3,1,32,2,25430,FLASH50,0,Mobile App
904,2025-06-04 11:47:20,C0007,4,3,494,1,32554,FESTIVE20,20,Online
905,2025-04-18 12:54:06,C0014,6,4,539,1,25405,WELCOME5,15,Online
906,2025-07-27 12:56:30,C0012,1,1,428,1,43126,FLASH50,50,Mobile App
907,2025-06-27 15:48:02,C0001,7,1,94,5,10707,FESTIVE20,50,Online
908,2025-07-27 21:11:23,C0002,1,4,495,5,10420,FLASH50,50,Online
909,2025-01-07 10:01:56,C0004,3,4,524,3,2366,FESTIVE20,10,Mobile App
910,2025-01-24 13:04:07,C0016,2,2,149,1,23350,NEWYEAR10,20,Online
911,2025-03-24 21:34:23,C0016,5,3,85,4,17333,FESTIVE20,50,In-Store
912,2025-07-03 12:18:56,C0020,8,2,63,1,49205,FESTIVE20,5,Online
913,2025-05-14 16:36:56,C0020,6,2,394,4,44301,WELCOME5,5,Mobile App
914,2025-01-04 04:40:02,C0009,7,4,125,1,13469,WELCOME5,25,Mobile App
915,2025-02-24 14:39:16,C0008,5,4,303,5,27085,NEWYEAR10,20,Online
916,2025-01-25 21:54:21,C0018,4,3,441,5,30405,WELCOME5,10,In-Store
917,2025-05-21 22:18:08,C0017,4,1,79,4,7783,FLASH50,25,Online
918,2025-06-24 07:49:01,C0012,8,1,563,2,9787,NEWYEAR10,50,Mobile App
919,2025-06-12 20:54:39,C0007,2,1,113,1,45090,WELCOME5,20,Online
920,2025-03-24 04:46:19,C0008,5,4,314,4,31730,WELCOME5,0,Mobile App
921,2025-07-30 05:48:51,C0001,1,2,325,2,9923,FESTIVE20,25,In-Store
922,2025-08-17 12:07:46,C0008,2,3,94,2,18602,FLASH50,20,Online
923,2025-05-15 03:49:40,C0019,6,4,202,1,34619,FESTIVE20,25,Mobile App
924,2025-04-08 08:07:40,C0020,6,3,26,3,18332,WELCOME5,50,Online
925,2025-04-03 07:55:54,C0015,2,3,580,5,39759,WELCOME5,5,Mobile App
926,2025-06-20 08:22:05,C0016,5,3,276,5,22050,NEWYEAR10,50,Mobile App
927,2025-08-03 18:24:38,C0001,8,2,404,4,37244,FLASH50,5,Online
928,2025-08-20 19:26:52,C0017,3,3,473,5,44580,NEWYEAR10,20,In-Store
929,2025-02-25 18:11:01,C0013,7,2,16,4,44348,FLASH50,20,Mobile App
930,2025-03-12 14:50:03,C0011,1,2,163,3,23593,NEWYEAR10,25,Mobile App
931,2025-01-23 10:22:39,C0011,1,3,574,2,33257,FESTIVE20,20,In-Store
932,2025-07-13 12:12:16,C0018,7,4,128,4,42408,NEWYEAR10,25,Mobile App
933,2025-03-21 16:44:41,C0016,7,1,388,1,12938,WELCOME5,50,Online
934,2025-05-17 11:25:08,C0018,2,1,224,2,47416,NEWYEAR10,5,In-Store
935,2025-01-07 15:14:53,C0013,1,2,181,2,44246,WELCOME5,5,Mobile App
936,2025-04-23 13:35:35,C0008,6,4,562,5,32171,FESTIVE20,5,Online
937,2025-04-05 11:57:59,C0019,5,4,286,3,17772,FLASH50,25,Mobile App
938,2025-05-18 10:06:51,C0008,7,1,321,5,46922,FESTIVE20,10,Online
939,2025-04-22 02:10:01,C0020,7,4,395,4,33080,FLASH50,10,Mobile App
940,2025-03-12 18:16:57,C0018,3,3,481,3,4786,FLASH50,50,Mobile App
941,2025-05-26 16:26:09,C0001,5,3,157,3,22161,FLASH50,5,Mobile App
942,2025-07-07 06:15:38,C0018,3,1,112,4,48366,WELCOME5,20,Mobile App
943,2025-06-28 15:08:54,C0006,3,4,247,4,27210,NEWYEAR10,10,Mobile App
944,2025-04-13 06:14:22,C0011,4,4,170,1,12595,WELCOME5,5,In-Store
945,2025-01-01 16:00:00,C0003,8,1,116,3,6758,WELCOME5,0,Mobile App
946,2025-05-18 06:22:06,C0011,1,3,125,5,33150,WELCOME5,50,Mobile App
947,2025-08-29 03:51:59,C0005,2,1,532,1,35731,FESTIVE20,20,Mobile App
948,2025-06-06 10:29:59,C0010,4,1,105,2,40051,FESTIVE20,20,In-Store
949,2025-04-14 01:22:03,C0018,8,3,533,4,12843,NEWYEAR10,10,Online
950,2025-02-20 09:40:27,C0016,4,2,510,2,29853,FLASH50,50,In-Store
951,2025-03-20 15:50:49,C0013,5,3,255,4,40454,FLASH50,0,Mobile App
952,2025-01-13 09:24:12,C0010,3,2,18,1,35515,NEWYEAR10,10,Mobile App
953,2025-07-02 10:04:45,C0012,5,2,147,4,12670,WELCOME5,25,Online
954,2025-08-23 10:11:24,C0007,6,3,545,2,43727,NEWYEAR10,15,Online
955,2025-08-19 20:19:13,C0008,5,1,579,5,47041,FESTIVE20,5,In-Store
956,2025-06-27 12:02:44,C0009,3,3,415,5,1183,FLASH50,15,In-Store
957,2025-08-30 23:16:43,C0015,6,4,115,5,21955,NEWYEAR10,0,Online
958,2025-02-02 16:02:30,C0013,1,1,135,5,33134,WELCOME5,0,Online
959,2025-06-07 11:28:47,C0016,4,2,290,1,16343,NEWYEAR10,50,Mobile App
960,2025-03-31 14:12:57,C0005,3,3,122,3,16936,FESTIVE20,25,Online
961,2025-07-04 14:01:55,C0002,5,3,438,2,22512,WELCOME5,20,Mobile App
962,2025-05-17 00:39:46,C0015,6,2,347,1,27364,FESTIVE20,5,Online
963,2025-07-28 12:49:36,C0006,7,1,38,1,37377,FESTIVE20,0,In-Store
964,2025-08-22 23:15:43,C0004,3,4,301,5,25847,NEWYEAR10,25,Mobile App
965,2025-02-14 12:16:56,C0016,7,1,486,3,42252,FLASH50,5,Online
966,2025-02-02 20:22:13,C0006,3,1,266,5,15375,WELCOME5,5,Mobile App
967,2025-02-04 23:33:13,C0013,5,3,263,3,44105,FLASH50,15,In-Store
968,2025-02-06 15:06:34,C0008,6,4,258,3,14492,WELCOME5,15,Mobile App
969,2025-01-07 22:13:24,C0015,5,1,295,4,12317,FESTIVE20,5,Mobile App
970,2025-07-09 04:48:59,C0019,1,4,582,4,16602,FLASH50,20,In-Store
971,2025-02-21 23:09:13,C0016,3,1,234,1,21032,NEWYEAR10,0,In-Store
972,2025-08-19 04:10:26,C0010,7,2,110,1,37323,FLASH50,15,In-Store
973,2025-08-14 12:30:24,C0004,2,3,91,1,3080,WELCOME5,25,In-Store
974,2025-03-30 10:05:56,C0016,3,4,377,4,44524,FLASH50,20,Online
975,2025-03-16 22:50:50,C0012,2,2,209,2,42064,WELCOME5,25,Mobile App
976,2025-05-06 10:57:10,C0003,8,1,14,3,34607,FLASH50,5,Mobile App
977,2025-03-27 17:02:08,C0002,1,4,53,4,43715,FLASH50,15,Mobile App
978,2025-03-27 11:51:32,C0020,3,2,244,3,46169,FLASH50,5,Online
979,2025-08-24 21:05:51,C0014,7,3,301,3,5959,WELCOME5,25,In-Store
980,2025-03-02 02:55:04,C0011,3,2,537,2,37980,NEWYEAR10,5,Online
981,2025-01-15 22:08:12,C0001,7,2,80,1,40645,FESTIVE20,20,Mobile App
982,2025-06-10 16:12:30,C0003,4,4,209,1,25855,NEWYEAR10,15,Online
983,2025-02-15 06:16:09,C0007,2,3,52,5,913,WELCOME5,25,Online
984,2025-04-16 16:40:18,C0018,4,4,400,5,19945,FESTIVE20,5,In-Store
985,2025-05-07 11:57:46,C0007,1,3,42,1,4538,FESTIVE20,20,Online
986,2025-06-05 21:04:36,C0002,4,3,456,3,46249,NEWYEAR10,25,Mobile App
987,2025-02-28 18:10:02,C0009,8,1,130,5,49322,FLASH50,10,In-Store
988,2025-07-12 12:26:01,C0012,8,3,492,2,9811,WELCOME5,50,In-Store
989,2025-01-25 00:25:30,C0005,5,1,144,5,12552,FLASH50,10,Online
990,2025-05-05 19:46:31,C0005,7,1,130,3,15425,NEWYEAR10,15,Mobile App
991,2025-02-06 07:33:31,C0014,2,3,192,4,40333,NEWYEAR10,10,Mobile App
992,2025-02-01 19:08:33,C0007,8,3,408,5,28614,WELCOME5,25,Mobile App
993,2025-02-23 10:44:14,C0010,7,1,161,3,27828,WELCOME5,20,In-Store
994,2025-06-01 19:15:52,C0011,1,3,472,5,15502,WELCOME5,25,Mobile App
995,2025-05-06 14:38:57,C0008,8,3,352,3,5828,WELCOME5,20,Mobile App
996,2025-06-12 00:20:22,C0009,8,2,149,4,16660,FESTIVE20,50,Online
997,2025-07-07 01:47:56,C0020,2,3,194,5,8388,WELCOME5,15,Mobile App
998,2025-01-08 20:41:48,C0007,6,1,15,2,19905,FLASH50,25,Online
999,2025-08-28 08:29:17,C0014,7,2,70,4,21084,FESTIVE20,15,Mobile App
1000,2025-02-06 10:53:46,C0007,1,3,240,5,31767,FESTIVE20,10,In-Store
